Sl. No,Polling Station No,S i. h t o y J a r et n a n n n u m A M a a a di g,S n. a hil z E s gi s al o a d y k hi a r a h T al at h hil n,LARENEG S mi. h s k a L a h et e G r a mil a T,S G L m. r. a a d v n el u S S n o y ati rt a r P e a n s n e e,OT emaN srotcelE S d. o o s a M hi d e e N al,LIMAT eht eht M u. d w o g e r a M m a g a h al hi z a k c K at k a a r M r u et,UDAN G n. a el e s a y e J a r a et m n m n u A M r a a v,R r. a m u K e r o h s i K nt e d n,EVITALSIGEL V a. h t e e G nt e d n,TRAP R m. a g u m n a h S t n e d n,I RUSOH Y a. p p a v e D nt e d n,N u. j a r a al B nt e d n,n a v al h ut M h z mi a h t u M nt e d n,K R. . u h t u M nt e d n,C . G y. m a s a m a R t n e d n,V h. s e k o L nt e d n,E V O B A E H T F O E N O N,s e ot v d ali v al ot T,s e ot V d e ct e ej r o. N,al ot T,s e ot v d e r e d n e t o. N,s r o ct e El al ot T,s e ot v e g a nt e s r e P,Total Valid Votes,Rejected Votes,Total Votes
1,1,"Panchayat Union Primary School ,
(Telegu), singasadhanapalli-
635124,North Facing Eastern Wing
Terraced Building",285,314,1,9,1,0,0,4,0,0,0,0,0,0,0,1,0,3,2,620,0,620,,761,81.47
2,2,"Panchayat Union Primary School ,
Belathur-635124,East Facing North
Portion Terraced Building",485,366,2,4,0,0,4,3,1,0,1,1,1,0,0,3,8,2,4,885,0,885,,997,88.77
3,3,"Govt. Boys Hr. Sec. School, Bagalur -
635 103,West Facing North wing
terraced building",280,211,2,19,0,0,11,0,0,0,0,0,0,0,0,0,0,0,10,533,0,533,,835,63.83
4,4,"Govt. Boys Hr. Sec. School, Bagalur -
635 103,West Facing Terraced
Building Room No. 11",234,213,1,44,0,1,16,7,0,0,0,0,0,1,0,0,1,0,2,520,0,520,,731,71.14
5,5M,"Panchayat Union Primary School
Choodapuram- 635 124,North
Facing East Portion Terraced
Building",194,229,1,25,0,0,3,1,0,0,0,0,0,0,1,1,1,0,3,459,0,459,,601,76.37
6,5A(W),"Panchayat Union Primary School
Choodapuram- 635 124,South
Facing West Wing Terraced
Building",182,218,2,5,1,0,2,1,0,0,1,0,0,1,4,0,1,1,0,419,0,419,,563,74.42
7,6,"Panchayat Union Primary School,
Choodapuram 6356103,North
Facing West Wing Terraced
Building",91,277,0,11,0,0,0,0,2,0,0,0,0,0,0,0,1,0,2,384,0,384,,483,79.50
8,7,"Govt. Boys Hr. Sec. School, Bagalur -
635 103,West Facing Terraced
building Room No 12",265,199,0,26,0,0,15,3,0,0,0,0,0,0,1,0,2,1,6,518,0,518,,772,67.10
9,8,"Govt. Boys Hr. Sec. School, Bagalur -
635103,West Facing Centre portion
Terraced building",173,166,0,15,0,0,9,0,0,0,0,0,0,0,1,0,0,0,6,370,0,370,,488,75.82
10,9,"Govt. Boys Hr. Sec. School, Bagalur -
635 103,West Facing Terraced
building Room No 14",240,180,1,26,0,1,4,1,1,0,0,1,0,1,0,2,1,0,1,460,0,460,,590,77.97
11,10,"Govt B HR Sec Bagalur 635103,East
Facing North Wing Terraced
Building",190,144,0,29,0,0,13,0,0,0,0,0,0,0,0,0,0,1,7,384,0,384,,791,48.55
12,11M,"Govt Boys HR Sec School Bagalur
635124,East Facing South Portion
Terraced Building",218,143,0,23,0,0,6,2,0,0,0,1,0,0,0,0,0,0,4,397,0,397,,581,68.33
13,"11A(
W)","Govt Boys HR Sec School Bagalur
635124,North Facing Middle Wing
Terraced Building",187,170,0,6,0,2,5,0,1,0,0,0,0,0,0,1,1,1,1,375,0,375,,545,68.81
14,12,"Panchayat Union Primary School ,
Baliganapalli- 635 103,North
Facing East Portion Mangalore
Tiled Building",558,162,1,5,1,0,2,0,0,1,0,0,1,0,1,4,4,1,5,746,0,746,,888,84.01
15,13,"Panchayat Union Primary School,
Kanakondapalli 635103,East
Facing Terraced Building",138,205,1,2,0,0,1,0,0,0,0,0,1,0,0,0,3,4,1,356,0,356,,417,85.37
16,14,"Panchayat Union Primary School ,
Deveerapalli 635103,West Facing
South Portion Terraced Building",502,302,2,12,0,1,3,2,0,0,0,0,1,0,1,2,3,0,2,833,0,833,,994,83.80
17,15M,"Panchayat Union Primary School ,
Battavarapalli - 635124,East Facing
North Portion Terraced Building",209,271,0,16,0,0,0,1,0,0,1,0,0,0,0,0,2,0,2,502,0,502,,604,83.11
18,15A(W,"Panchayat Union Primary School ,
)Battavarapalli - 635124,East Facing
South Portion Terraced Building",187,270,2,4,0,0,1,0,0,0,0,0,0,0,1,2,0,1,1,469,0,469,,571,82.14
19,16,"Panchayat Union Primary School ,
Muduganapalli - 635 103,North
Facing East PortionTerraced
Building",336,450,2,18,1,0,1,1,0,0,0,1,0,0,1,1,2,5,3,822,0,822,,983,83.62
20,17,"Panchayat Union Primary School
Alasapalli - 635103,North Facing
Terraced Building",319,503,0,9,0,0,3,0,1,1,1,0,0,1,0,3,6,2,6,855,0,855,,976,87.60
21,18,"Panchayat Union Primary School
(Telugu) Bagalur - 635 103,South
Facing East Portion New Terrced
Building",293,271,1,20,0,0,6,0,0,0,0,0,0,1,1,2,4,0,6,605,0,605,,768,78.78
22,19M,"Panchayat Union Primary School
(Telugu) Bagalur - 635 103,South
Facing East Wing Terraced
Building",235,141,0,12,1,0,3,0,0,0,0,0,0,0,0,1,0,0,6,399,0,399,,546,73.08
23,"19A(
W)","Panchayat Union Primary School
(Telugu) Bagalur - 635 103,South
Facing West Wing Terraced
Building",208,168,0,3,0,0,1,1,0,0,1,0,0,1,1,2,1,0,2,389,0,389,,566,68.73
24,20,"Govt. Girls Hr.Sec,School Bagalur
635103,South Facing Centre
Portion Terraced Building Room
No 22",361,250,1,25,0,1,5,0,0,0,0,0,0,0,0,1,0,1,2,647,0,647,,852,75.94
25,21M,"Govt. Girls Hr.Sec,School Bagalur
635103,East Facing Terraced
Building Room No 5",307,207,0,9,0,0,7,0,0,1,0,0,0,0,0,1,2,1,2,537,0,537,,646,83.13
26,21A(W,"Govt. Girls Hr.Sec,School Bagalur
)635103,South Facing Middle Wing
Terraced Building",362,180,0,4,0,0,7,0,1,0,0,0,0,0,0,1,3,2,0,560,0,560,,694,80.69
27,22,"Govt. Girls Hr.Sec,School Bagalur -
635103,East Facing Terraced
Building Room 6",226,270,0,4,0,0,3,2,0,0,0,0,0,0,0,0,3,1,7,516,0,516,,648,79.63
28,23M,"Govt. Girls Hr.Sec,School Bagalur -
635103,East Facing Terraced
Building Room 7",221,241,0,10,0,0,1,0,0,0,0,0,0,0,0,0,0,0,4,477,0,477,,651,73.27
29,"23A(
W)","Govt. Girls Hr.Sec,School Bagalur -
635103,East Facing Middle Wing
Terraced Building",226,254,1,3,1,0,5,0,0,0,0,0,0,0,0,0,1,1,2,494,0,494,,680,72.65
30,24M,"Govt Girls Hr.sec. School , Bagalur -
635 103,North Facing East Portion
Terraced Building Room No-4",268,198,0,12,0,0,1,1,0,0,0,0,0,1,0,0,1,0,0,482,0,482,,579,83.25
31,"24A(
W)","Govt Girls Hr.sec. School , Bagalur -
635 103,North Facing West Wing
Terraced Building",279,205,0,10,0,0,1,0,0,0,0,0,2,0,0,2,8,4,0,511,0,511,,618,82.69
32,25,"Panchayat Union Middle School
Geemangalam - 635 103,East
Facing North Portion Terraced
Building",196,601,1,15,0,0,5,0,1,0,0,0,0,0,1,0,1,2,3,826,0,826,,934,88.44
33,26,"Panchayat Union Primary School ,
(Telegu), Bagalur - 635 103,West
facing south Portion Terraced
building",361,273,1,15,1,0,2,0,0,0,0,0,0,0,1,1,2,0,3,660,0,660,,914,72.21
34,27,"Panchayat Union Primary School ,
(Telegu), Bagalur - 635 103,West
facing North Portion Terraced
building",461,287,0,26,2,0,2,1,0,1,0,1,1,0,0,2,5,3,2,794,0,794,,1041,76.27
35,28,"Govt High School Kothapalli 635
103,East Facing South Portion
Terraced Building",240,429,2,1,0,0,0,0,0,0,0,0,1,0,2,0,3,0,3,681,0,681,,807,84.39
36,29,"Govt High School Kothapalli 635
103,East Facing Centre Portion
Terraced Building",266,228,1,0,1,0,0,0,1,0,0,0,0,0,0,0,2,1,0,500,0,500,,589,84.89
37,30,"Govt High School , Kothapalli - 635
103,East Facing North Portion
Terraced Building",261,418,6,5,0,0,0,1,0,0,0,0,0,1,1,1,2,1,4,701,0,701,,855,81.99
38,31,"Govt High School , Kothapalli - 635
103,North Facing East Portion
Terraced Building",138,391,1,1,0,0,0,0,0,0,0,0,0,0,2,2,1,2,2,540,0,540,,626,86.26
39,32M,"Panchayat Union Primary School
Kagganur - 635 103,South Facing
Terraced Building",228,240,1,2,0,0,1,0,0,0,0,0,0,0,2,1,0,0,3,478,0,478,,559,85.51
40,32A(W,"Panchayat Union Primary School
)Kagganur - 635 103,East Facing
North Portion Terraced Building",221,249,2,1,0,0,3,0,0,0,0,0,0,1,0,1,2,2,3,485,0,485,,561,86.45
41,33,"Panchayat Union Primary School
Sevaganapalli 635103,East Facing
South Portion Mangalore Tiled
Building",263,429,0,3,0,0,0,0,0,0,1,0,0,0,1,2,2,0,0,701,0,701,,880,79.66
42,34,"Panchayat Union Primary School
Sevaganapalli 635103,East Facing
North Portion Mangalore tiled
Building",199,284,1,1,0,0,3,0,0,1,1,0,0,0,1,0,1,2,2,496,0,496,,794,62.47
43,35,"Panchayat Union Primary School ,
Chokkanathapuram 635103,,West
Facing North portion Terraced
Building, Library Building",363,370,1,1,0,2,1,6,0,0,0,0,0,2,0,2,3,1,3,755,0,755,,867,87.08
44,36,"Panchayat Union Primary School
Koosthanapalli - 635103,,East
Facing Terraced Building",271,272,0,3,0,0,1,0,0,0,0,0,0,1,0,0,2,2,1,553,0,553,,601,92.01
45,37,"Panchayat Union Primary School ,
Chokkanathapuram - 635 103,East
Facing South Portion Terraced
Building",268,314,2,1,0,1,0,0,0,0,1,0,0,0,0,3,6,1,3,600,0,600,,709,84.63
46,38,"Panchayat Union Primary School,
Eluvapalli-635103,East Facing
South Portion Terraced Building",124,245,1,1,0,0,2,0,0,0,5,0,0,0,1,1,1,0,1,382,0,382,,424,90.09
47,39,"Panchayat Union Primary School
(Telugu), Eachangur - 635 103,East
facing North portion Terraced
Building Ground floor",310,436,3,3,0,0,1,0,0,0,0,0,0,0,1,1,2,1,1,759,0,759,,898,84.52
48,40,"Anganwadi Building Bagoor-
635126,North Facing Terraced
Building",395,256,1,5,0,1,0,0,0,0,0,1,0,0,1,5,4,2,5,676,0,676,,796,84.92
49,41,"Panchayat Union Primary School,
Nallur Agraharam-635109.,North
Facing Terraced Building",233,363,4,10,0,0,0,0,0,0,0,0,0,1,1,1,0,0,4,617,0,617,,784,78.70
50,42M,"Panchayat Union Middle School ,
Bagepalli - 635 126,East Facing
South Portion Terraced Building",224,171,1,31,0,0,6,0,0,0,0,0,1,0,0,0,2,0,6,442,0,442,,607,72.82
51,"42A(
W)","Panchayat Union Middle School ,
Begepalli - 635 126,East Facing
Centre Portion Terraced Building",200,181,1,12,0,0,6,0,0,1,0,0,0,0,1,3,3,2,3,413,0,413,,556,74.28
52,43M,"Panchayat Union Middle School ,
Begepalli - 635 126,East Facing
North Portion Terraced Building.",224,122,1,36,0,1,2,1,0,0,0,0,0,0,0,0,0,0,5,392,0,392,,552,71.01
53,"43A(
W)","Panchayat Union Middle School,
Begepalli - 635 126,West Facing
South Portion Terraced Building",214,142,1,9,1,0,4,1,0,0,0,0,0,1,1,0,1,0,3,378,0,378,,517,73.11
54,44,"Panchayat Union Middle School,
Begepalli - 635 126,North Facing
West Portion Terraced Building",325,302,2,56,0,1,13,2,1,1,0,0,0,0,0,1,2,0,8,714,0,714,,1007,70.90
55,45,"Panchayat Union Middle School,
Begepalli - 635 126,West Facing
North Portion Terraced Building",317,225,0,52,0,0,12,1,3,0,1,0,0,0,1,0,0,1,9,622,0,622,,855,72.75
56,46M,"Maharishi Vidya Mandir Senior
Secondary School, Yogi Govinda
Achariya Block , Govinda
Agraharam- 635126,North Facing
West Portion Terraced Building",173,263,0,41,0,0,3,0,0,0,0,1,0,0,2,1,1,2,4,491,0,491,,635,77.32
57,"46A(
W)","Maharishi Vidya Mandir Senior
Secondary School, Yogi Govinda
Achariya Block , Govinda
Agraharam- 635126,North Facing
East Portion Terraced Building",163,262,2,26,0,0,5,0,0,0,0,0,1,0,0,0,0,1,1,461,0,461,,619,74.47
58,47M,"Maharishi Vidya Mandir Senior
Secondary School, Yogi Govinda
Achariya Block , Govinda
Agraharam- 635126,South Facing
East Portion Terraced Building",228,186,0,33,1,0,4,0,1,0,0,0,0,0,0,0,0,0,7,460,0,460,,645,71.32
59,"47A(
W)","Maharishi Vidya Mandir Senior
Secondary School, Yogi Govinda
Achariya Block , Govinda
Agraharam- 635126,South Facing
West Portion Terraced Building",226,170,1,19,0,1,2,0,0,0,0,0,1,0,0,4,3,1,2,430,0,430,,583,73.76
60,48,"Govt.High School, Zuzuvadi -
635109,North Facing East Portion
Terraced Building 1st Room",207,187,3,26,0,0,11,0,0,0,1,0,0,0,1,0,2,2,7,447,0,447,,655,68.24
61,49M,"Panchayat Union Primary School
Nallur 635103,North Facing Center
Portion Terraced Building",230,233,1,16,0,0,8,1,0,0,0,0,0,1,0,0,3,0,2,495,0,495,,597,82.91
62,49A(W,"Panchayat Uion Primary School,
)Nallur- 635 103,North Facing East
Portion Terraced Building",198,227,1,14,0,0,7,1,0,0,0,0,0,0,2,1,3,1,3,458,0,458,,565,81.06
63,50,"Panchayat Primary School,
Madivalam - 635103,East Facing
North Portion Terraced Building",107,213,1,8,0,0,2,0,0,0,0,0,0,0,0,3,0,0,3,337,0,337,,397,84.89
64,51M,"Anganwadi Centre, Periya Elasagiri -
635103,North Facing West Portion
Terraced Building",153,283,0,26,0,0,9,1,0,0,0,0,0,0,1,0,0,0,2,475,0,475,,602,78.90
65,"51A(
W)","Temporary Tent, Periya Elasagiri-
635103,(North Facing West
Portion)",148,277,4,18,1,0,13,1,0,0,0,0,0,0,0,0,1,0,0,463,0,463,,577,80.24
66,52,"Panchayat Union Primary School,
Nallur - 635103,North Facing West
Portion Terraced Building",415,214,0,18,0,1,8,0,1,0,0,0,0,0,1,2,10,2,4,676,0,676,,814,83.05
67,53,"Panchayat Union Primary School,
Samathuvapuram - 635103,South
Facing East Portion Terraced
Building",173,134,1,25,0,0,14,0,0,0,0,0,0,0,0,0,0,0,1,348,0,348,,473,73.57
68,54M,"Panchayat Union Primary School,
Chithanapally-635103,North
Facing West Portion Terraced
Building",269,292,0,47,0,1,22,1,0,0,0,0,0,0,1,0,0,0,9,642,0,642,,783,81.99
69,"54A(
W)","Panchayat Union Primary School,
Chithanapally-635103,South Facing
East Portion Terraced Building",276,256,0,26,0,0,27,1,0,0,1,0,0,0,2,0,0,0,5,594,0,594,,745,79.73
70,55,"Panchayat Union Primary School,
Samathuvapuram - 635103,East
Facing North Portion Terraced
Building",474,77,1,33,0,0,17,0,0,0,0,0,0,0,0,3,5,0,6,616,0,616,,809,76.14
71,56M,"Panchayat Union Primary School,
Samathuvapuram - 635103,East
Facing South Portion Terraced
Building",223,149,0,46,0,0,32,1,0,0,0,0,0,0,1,1,0,1,7,461,0,461,,666,69.22
72,56A(W,"Panchayat Union Primary School,
Samathuvapuram - 635103,East
)
Facing North Portion Terraced
Building",235,135,1,21,1,0,39,3,0,0,0,1,0,0,0,3,2,2,8,451,0,451,,713,63.25
73,57M,"Corporation Primary School
Basthi,Hosur 635 109,North facing
East Portion New Terraced
Building",268,195,1,30,0,1,27,6,0,0,1,1,0,0,1,0,0,0,5,536,0,536,,775,69.16
74,57A(W,"Corporation Primary School
Basthi,Hosur 635 109,North facing
)
West Portion New Terraced
Building",277,156,1,10,0,2,16,1,0,1,1,0,0,0,2,3,3,0,1,474,0,474,,713,66.48
75,58,"Corporation Middle School
Bharathiyar Nagar Avalapalli - 635
109,East Facing North Portion
Terraced Building",256,301,0,48,0,0,23,0,1,0,0,0,0,0,0,0,0,1,10,640,0,640,,1061,60.32
76,59,"Corporation Middle School
Bharathiyar Nagar Avalapalli - 635
109,East Facing North Portion
Terraced Building",143,190,1,27,0,0,31,2,0,0,1,0,0,0,1,0,0,0,4,400,0,400,,637,62.79
77,60M,"Advaith International School,
T.N.H.B. Phase 9, Hosur-635
109,West Facing East Wing North
Portion New Terraced Building",192,119,0,27,0,0,20,1,0,0,0,1,0,0,2,0,1,0,9,372,0,372,,545,68.26
78,60A(W,"Advaith International School,
T.N.H.B. Phase 9, Hosur-635
)
109,West Facing East Wing
Terraced Building",198,111,0,8,0,0,15,0,0,0,0,2,1,0,1,0,1,1,6,344,0,344,,523,65.77
79,61,"Corporation Primary School
(Telugu) Basthi 635 109,East
Facing South Portion Terraced
Building",226,187,1,37,0,0,27,1,0,0,0,0,0,0,1,0,1,0,7,488,0,488,,654,74.62
80,62,"Corporation Primary School
J.J.Nagar - Hosur - 635109,East
Facing south Portion Cement Sheet
Roof building",190,238,2,29,0,0,4,5,0,0,0,0,0,1,1,2,2,2,2,478,0,478,,594,80.47
81,63,"Corporation Primary School
(Telugu) Basthi 635109,East
Facing North Portion Terraced
Building",321,262,1,35,1,0,38,0,0,0,1,1,0,0,3,1,0,0,4,668,0,668,,981,68.09
82,64M,"Advaith International School,
T.N.H.B. Phase 9, Hosur-635
109,East Facing West Wing North
PortionTerraced Building",148,146,1,16,1,0,30,1,0,0,0,0,1,1,0,0,1,0,9,355,0,355,,563,63.06
83,"64A(
W)","Advaith International School,
T.N.H.B. Phase 9, Hosur-635
109,East Facing West Wing South
PortionTerraced Building",143,148,0,9,1,0,30,0,0,0,0,0,0,0,0,0,0,0,6,337,0,337,,539,62.52
84,65,"Advaith International School,
T.N.H.B. Phase 9, Hosur-635
109,West Facing East Wing
Terraced Building",162,190,0,25,0,0,25,5,0,0,0,0,0,0,1,0,0,0,11,419,0,419,,674,62.17
85,66,"Corporation Primary School
(Primary) Basthi 635 109,North
Facing East Portion Old Terraced
Building",181,183,1,29,0,0,38,0,0,0,0,1,0,0,1,1,1,0,9,445,0,445,,626,71.09
86,67,"Corporation Middle School
Bharathiyar Nagar Avalapalli 635
109,East Facing South Portion
Terraced Building",289,275,0,24,1,0,35,4,0,0,1,1,0,0,2,1,0,1,6,640,0,640,,988,64.78
87,68,"Corporation Middle School
Bharathiyar Nagar Avalapalli 635
109,East Facing North Portion
Terraced Building",182,236,1,30,0,0,25,0,1,0,0,0,0,0,2,0,1,0,9,487,0,487,,720,67.64
88,69M,"Govt. High School, Barathiyar
Nagar Avalapalli - 635109,East
Facing Terraced Building South
porton",195,169,1,28,0,0,2,3,0,0,0,0,0,0,0,6,1,1,0,406,0,406,,561,72.37
89,"69A(
W)","Govt. High School, Bharathiyar
Nagar Avalapalli - 635109,,East
Facing Terraced Building South
porton",208,156,2,14,1,1,4,1,0,0,0,0,0,0,0,4,1,1,3,396,0,396,,528,75.00
90,70M,"Corporation Middle School
Bharathiyar Nagar Avalapalli - 635
109,East Facing North Portion
Terraced Building (Adjacent Health
Centre)",175,195,0,35,0,0,15,1,0,0,0,0,0,0,0,1,0,0,1,423,0,423,,539,78.48
91,"70A(
W)","Corporation Middle School
Bharathiyar Nagar Avalapalli - 635
109,North Facing South Portion
Terraced Building",168,205,0,18,0,0,10,0,0,0,0,0,0,1,0,0,1,1,1,405,0,405,,531,76.27
92,71M,"Corporation Primary School
Thottagiri - 635 109,North Facing
New Terraced Building",232,259,1,25,0,0,7,3,0,0,0,1,0,0,1,1,1,0,4,535,0,535,,665,80.45
93,"71A(
W)","Corporation Primary School
Thottagiri - 635 109,North Facing
West Portion New Terraced
Building",187,255,0,11,0,0,8,2,0,0,0,0,0,0,1,1,0,1,2,468,,468,,590,79.32
94,72,"Corporation Primary School
Thottagiri - 635 109,North Facing
Terraced Building",167,187,2,19,0,0,7,0,0,0,0,0,0,0,1,0,1,1,4,389,0,389,,462,84.20
95,73M,"Corporation Primary School ,
Avalapalli 635 109,South Facing
West Wing Terraced Building",262,142,0,16,0,0,7,0,0,2,0,0,0,0,0,0,1,0,6,436,0,436,,531,82.11
96,73A(W,"Corporation Primary School ,
Avalapalli- 635 109,South Facing
)
West Wing West Portion Terraced
Building",250,129,1,12,1,0,12,0,0,0,1,0,0,1,2,2,1,0,3,415,0,415,,535,77.57
97,74,"Panchayat Union Middle School
Chennasandiram 635103,North
Facing Eastern Portion Terraced
Building",265,284,1,11,1,0,3,0,1,3,1,0,1,0,1,1,2,0,1,576,0,576,,699,82.40
98,75,"Library Building Bairasandiram -
635103,West Facing Terraced
Building",241,347,2,2,0,0,1,0,0,0,0,1,0,1,1,1,1,1,1,600,0,600,,692,86.71
99,76,"Panchayat Union Primary School
Uliyalam - 635103,West Facing
South portion terraced Building",308,388,6,29,1,0,12,0,0,0,0,0,0,1,1,1,0,1,4,752,0,752,,917,82.01
100,77M,"Panchayat Union Primary School,
Uliyalam - 635103,West Facing
North portion terraced Building",247,246,0,55,1,0,44,2,0,0,0,1,0,0,0,0,0,0,4,600,0,600,,800,75.00
101,"77A(
W)","Anganwadi Centre, Uliyalam -
635103,East Facing Asbestos Sheet
Building",227,221,2,38,0,0,60,2,0,0,0,0,0,0,0,2,1,0,7,560,0,560,,776,72.16
102,78,"Panchayat Union Primary School
Badathepalli 635 103,East Facing
Full Portion Terraced Building",510,358,2,6,0,0,0,1,0,0,0,0,0,1,1,1,4,6,4,894,0,894,,1041,85.88
103,79,"Panchayat Union Primary School
Kanimangalam - i 635103,West
Facing South Portion Mangalore
tiled Building",244,122,1,4,0,0,0,0,0,0,0,0,0,0,1,0,2,2,0,376,0,376,,439,85.65
104,80,"Panchayat Union Primary School
Devichettipalli - 635103,East
Facing Full Portion Terraced
Building",225,322,2,1,0,0,0,0,0,0,0,0,0,0,2,0,0,0,8,560,0,560,,632,88.61
105,81M,"Panchayat Union Primary School ,
Sathiyamangalam 635105,West
Facing South Portion Tiled Building",207,230,0,22,0,0,1,0,1,0,0,0,0,0,0,0,0,1,0,462,0,462,,577,80.07
106,81A(W,"Panchayat Union Primary School ,
)Sathiyamangalam 635105,West
Facing North Portion Tiled Building",209,233,1,7,3,0,1,0,0,0,0,0,0,0,1,3,3,0,1,462,0,462,,587,78.71
107,82,"Panchayat Union Primary School ,
Thummanapalli 635105,North
Facing West portion Terraced
Building",150,233,0,2,0,0,0,0,0,0,0,0,0,0,0,0,1,0,0,386,0,386,,433,89.15
108,83,"Panchayat Union Middle School
,Mugulapalli -635105,West Facing
Terraced Building",403,301,2,5,0,0,0,0,0,0,0,0,0,1,2,3,1,1,1,720,0,720,,871,82.66
109,84,"Panchayat Union Primary School
,Sanamangalam -635105,North
Facing Mangalore Tiled Building",350,169,0,14,1,0,4,0,0,0,0,0,1,0,0,3,1,0,2,545,0,545,,651,83.72
110,85,"Panchayat Union Primary School,
B.S Thimmasandiram-635105,East
Facing mangalore tiled Building",519,351,0,1,0,0,0,0,0,0,0,0,0,1,0,2,3,5,0,882,0,882,,1031,85.55
111,86M,"Panchayat Union Primary School
(Telugu) Amuthugondapalli - 635
105,West Facing North Portion
Terraced Building",254,246,0,2,0,0,4,1,0,0,0,0,0,0,0,0,0,0,1,508,0,508,,599,84.81
112,86A(W,"Panchayat Union Primary School
(Telugu) Amuthugondapalli - 635
)
105,East Facing South Portion
Terraced Building",191,265,1,1,0,0,1,0,0,0,0,0,0,0,0,0,8,3,3,473,,473,,552,85.69
113,87,"Panchayat Union Primary School
Sinthaladoddi - 635 105,West
Facing South Potion Cement Sheet
Roof Building",300,120,1,1,0,0,0,1,0,0,0,0,0,0,1,0,2,0,0,426,0,426,,455,93.63
114,88M,"Panchayat Union Middle School
Kattinaikandoddi 635105,South
Facing West Portion Terraced
Building",309,180,2,20,0,0,3,2,0,0,0,0,0,1,0,3,2,1,3,526,0,526,,618,85.11
115,"88A(
W)","Government High School,
Kattinaikandoddi 635105,East
Facing South Wing Terraced
Building",279,187,2,5,1,0,0,0,0,0,0,0,0,1,0,3,2,0,1,481,0,481,,588,81.80
116,89M,"Panchayat Union Middle School ,
Kattinaikandoddy -635 105,South
Facing East Wing Terraced
Building",226,238,3,20,0,0,1,2,0,0,1,0,0,0,0,1,0,0,5,497,0,497,,566,87.81
117,"89A(
W)","Government High School,
Kattinaikandoddy -635 105,East
Facing North Wing Terraced
Building",190,234,5,4,0,0,1,1,0,0,0,1,1,0,0,1,3,3,2,446,0,446,,505,88.32
118,90,"Panchayat Union Middle School ,
Kattinaikandoddi -635 105,East
Facing South Portion Terraced
Building",134,214,3,8,0,0,0,0,1,0,0,0,1,0,0,0,1,2,1,365,0,365,,393,92.88
119,91M,"Govt. Hr.Sec. School, Berigai
635105,North Facing East Wing
Terraced Building Room No-18",254,148,0,5,0,0,1,0,0,0,0,0,0,0,0,1,2,0,1,412,0,412,,616,66.88
120,91A(W,"Govt. Hr.Sec. School, Berigai
)635105,West Facing South Portion
Terraced Building",257,152,1,2,0,0,1,0,0,0,0,0,0,0,1,1,2,0,0,417,0,417,,631,66.09
121,92M,"Govt. Hr. Sec. School, Berigai -
635105,South Facing Centre
Portion Terraced Building Room
No 3",196,193,2,12,0,0,0,0,0,0,0,0,0,0,0,0,1,0,3,407,0,407,,554,73.47
122,92A(W,"Govt. Hr. Sec. School, Berigai -
)635105,West Facing South Portion
Terraced Building",175,222,2,1,0,0,0,0,1,0,0,0,1,0,0,2,2,1,3,410,0,410,,546,75.09
123,93M,"Govt. Hr. Sec School Berigai
635105,South Facing Centre
portion Terraced Bulding Room No
4",221,238,2,10,0,0,3,0,1,0,0,0,0,0,0,0,0,0,3,478,0,478,,692,69.08
124,93A(W,"Govt. Hr. Sec School Berigai
)635105,West Facing South Portion
Terraced Building",200,217,2,2,0,1,0,0,0,0,0,0,0,0,0,2,0,0,2,426,0,426,,651,65.44
125,94M,"Govt. Hr. Sec. School Berigai
635105,South Facing Terraced
Bulding Room No 5",225,216,1,4,0,0,3,2,0,0,0,0,0,0,0,1,0,1,4,457,0,457,,612,74.67
126,94A(W,"Govt. Hr. Sec. School Berigai
)635105,West Facing Terraced
Building",209,237,3,2,0,0,0,0,0,0,0,0,0,0,0,0,1,0,1,453,,453,,633,71.56
127,95,"Govt. Hr.Sec. School Berigai
635105,South Facing Terraced
Building Room No 19,20",404,75,0,8,0,0,6,3,0,0,0,0,0,0,0,2,2,0,0,500,0,500,,708,70.62
128,96,"Govt. Hr.Sec. School Berigai
635105,South Facing Terraced
Building Room No 19,20",310,183,2,3,0,0,1,0,0,1,0,0,0,0,0,3,2,0,2,507,0,507,,722,70.22
129,97,"Panchayat Union Primary School
(Telugu) B Gurubarapalli
635105,East Facing North Portion
Terraced Building",420,334,6,35,1,3,1,0,0,1,1,0,1,0,1,5,1,1,2,813,0,813,,991,82.04
130,98,"Panchayat Union Primary School
Sulikunta 635105,East Facing
Terraced Building",252,233,0,7,0,0,0,0,0,0,0,0,0,3,0,0,4,2,1,502,0,502,,592,84.80
131,99,"Panchayat Union Primary School
,(Telugu) B.Guruparapalli - 635
105,East facing South Portion
Terraced building",182,168,2,12,0,0,1,0,0,0,0,0,1,1,0,1,0,0,1,369,0,369,,494,74.70
132,100,"Panchayat Union Primary
School(Telugu) , Singiripalli -
635105,West facing South Portion
Terraced building",244,355,1,10,0,0,1,0,0,0,0,0,0,0,0,2,0,0,0,613,0,613,,718,85.38
133,101,"Panchayat Union Primary School
Palavanapalli 635109,South Facing
East Portion Terraced Building",409,308,5,10,1,1,1,1,0,0,0,0,1,2,0,5,1,2,0,747,0,747,,936,79.81
134,102,"Panchayat Union Primary School
Palavanapalli 635109,South Facing
West Portion Terraced Building",306,382,1,12,1,3,0,1,0,2,2,1,0,3,3,3,3,2,5,730,0,730,,893,81.75
135,103,"Panchayat Union Middle School
Nandhimangalam 635105,West
Facing North portion Terraced
Building",409,338,1,6,2,0,0,3,0,0,0,0,0,0,0,6,3,0,3,771,0,771,,952,80.99
136,104,"Panchayat Union Primary School,
Perumalpalli 635103,East Facing
Terraced Building",183,337,1,4,0,0,0,0,0,0,0,0,1,0,0,3,0,3,4,536,0,536,,621,86.31
137,105,"Panchayat Union Primary School,
Karnapalli - 635105,South Facing
Mangalore Tiled Building",288,211,1,10,0,1,2,0,0,0,0,0,0,0,1,0,0,2,1,517,0,517,,597,86.60
138,106,"Panchayat Union Primary School ,
Koladasapuram - 635 105,North
Facing Terraced Building",338,336,3,8,0,1,0,0,0,0,0,1,0,1,0,1,3,0,4,696,0,696,,778,89.46
139,107,"Panchayat Union Primary School
(Telugu) Thattiganapalli
635109,East Facing South Portion
Terraced Building",251,273,3,4,1,0,0,1,1,0,0,0,1,1,2,3,1,0,3,545,0,545,,605,90.08
140,108,"Panchayat Union Primary School,
M.Karapalli-635109,East Facing
Centre Portion Terraced Building",136,123,0,0,0,0,0,0,0,0,0,0,0,0,0,0,1,1,0,261,0,261,,292,89.38
141,109,"Panchayat Union Primary School
Boothinatham - 635109,East
Facing North Portion Terraced
Building",400,205,1,6,0,0,0,0,0,0,0,0,0,3,0,8,1,1,3,628,0,628,,694,90.49
142,110M,"Govt. High School, Muthali
635109,South Facing East Portion
Terraced Building",259,218,0,6,0,1,2,0,0,0,0,0,0,0,0,1,3,1,2,493,0,493,,581,84.85
143,"110A
(W)","Govt. High School, Muthali
635109,East Facing Centre Portion
Terraced Building",234,201,2,3,1,1,1,0,0,0,0,0,0,0,3,6,5,3,2,462,0,462,,558,82.80
144,111,"PUPS Dasepallidinna - 635109,East
Facing South portion Terraced
Building",314,508,1,1,0,2,2,0,1,0,1,0,1,3,3,4,2,4,0,847,0,847,,965,87.77
145,112,"Panchayat Union Primary School
(Tamil) Kelavarapalli 635109,East
Facing South portionTerraced
Building",166,207,2,8,0,0,1,0,0,1,1,0,0,0,2,2,3,0,1,394,0,394,,468,84.19
146,113,"Panchayat Union Primary School,
Siddanapalli-635109,South Facing
West Portion Terraced Building",140,261,2,5,0,0,3,0,0,0,0,0,0,0,0,0,5,2,3,421,0,421,,482,87.34
147,114M,"Panchayat Union Middle School
Punugandoddi 635109,East Facing
North Portion Terraced Building",152,230,1,39,0,0,10,0,0,0,0,0,1,2,0,0,4,0,2,441,0,441,,546,80.77
1481,14A(W,"Panchayat Union Middle School
)Punugandoddi 635109,East Facing
South Portion Terraced Building",160,225,2,20,0,0,17,0,0,0,1,0,0,2,1,1,1,0,5,435,0,435,,542,80.26
149,115,"Panchayat Union Primary School
Peddakullu 635109,North Facing
West Portion Terraced Building",302,282,2,15,0,0,10,0,0,0,0,0,2,1,2,2,0,1,2,621,0,621,,758,81.93
150,116,"Panchayat Union Middle School
Kathirepalli 635 109,North Facing
West Portion Terraced Building",349,220,1,15,1,0,0,0,0,0,0,0,0,0,1,0,7,0,4,598,0,598,,742,80.59
151,117,"Panchayat Union Primary School,
Abiri 635 109,North Facing East
Portion Cement Sheet Building",284,329,2,8,0,1,0,0,0,1,0,0,0,1,0,1,2,0,2,631,0,631,,717,88.01
152,118,"Noonmeal Centre, Alur-
635109,West Facing North Portion
Terraced Building",307,235,2,8,1,0,0,0,1,0,0,1,2,0,0,0,0,0,1,558,0,558,,639,87.32
153,119,"Panchayat Union Primary School ,
A.Samanapalli - 635 109,East
Facing South Portion Terraced
Building",353,233,1,12,0,1,4,0,0,0,0,0,0,0,1,2,11,2,3,623,0,623,,696,89.51
154,120M,"Panchayat Union Primary School
Perandapalli 635109,South Facing
West Portion Terraced Building",267,120,1,12,0,0,3,2,0,0,0,0,0,5,0,0,0,0,3,413,0,413,,595,69.41
155,"120A
(W)","Panchayat Union Primary School
Perandapalli 635109,South Facing
Centre Portion Terraced Building",246,132,0,5,0,0,5,1,0,0,0,0,0,2,0,2,4,1,2,400,0,400,,590,67.80
156,121,"Panchayat Union Primary School
Perandapalli 635109,South Facing
East Portion Terraced Building",162,124,1,4,1,0,0,0,0,0,0,0,0,0,1,3,1,0,0,297,0,297,,394,75.38
157,122,"Panchayat Union Primary School
Thodathepalli - 635109,East Facing
North Portion Terraced Building",237,408,4,14,0,1,12,1,0,0,0,1,0,0,0,0,2,1,4,685,0,685,,824,83.13
158,123M,"Panchayat Union Middle School,
Kothur (Perandapalli)
635109,West Facing South Portion
Terraced Building",234,206,1,18,0,0,4,1,0,0,0,0,0,2,0,0,0,0,7,473,0,473,,540,87.59
159,"123A
(W)","Panchayat Union Middle School,
Kothur (Perandapalli)
635109,West Facing North Portion
Terraced Building",213,193,1,8,0,0,4,0,0,0,0,0,2,0,1,5,6,1,2,436,0,436,,533,81.80
160,124M,"Panchayat Union Primary School,
Moranapalli 635 109,South Facing
Terraced Building East Wing",213,196,1,36,0,0,5,1,0,0,0,0,0,1,2,0,0,0,7,462,0,462,,695,66.47
161,"124A
(W)","Panchayat Union Primary School,
Moranapalli 635 109,South Facing
West Portion Terraced Building",181,212,1,23,0,0,3,0,1,0,0,0,0,1,3,0,4,3,2,434,0,434,,574,75.61
162,125,"Panchayat Union Primary School,
Moranapalli 635 109,South Facing
Terraced Building East Wing",162,150,0,12,0,0,6,3,0,0,0,0,0,0,1,2,1,0,2,339,0,339,,455,74.51
163,126,"Panchayat Union Primary School ,
Bathalapalli - 635 109,East Facing
South Portion Terraced Building",314,201,2,34,0,0,9,0,0,1,1,0,1,0,5,2,0,0,5,575,0,575,,1025,56.10
164,127,"Panchayat Union Primary School ,
Bathalapalli - 635 109,West Facing
South Portion Mangalore Tiled
Building",401,113,0,23,0,1,10,2,0,0,0,0,1,0,3,1,0,0,4,559,0,559,,867,64.48
165,128,"Panchayat Union Primary School ,
Bathalapalli - 635 109,East Facing
North Portion Terraced Building",236,168,0,14,0,1,8,0,0,0,1,0,0,0,10,2,1,0,4,445,0,445,,745,59.73
166,129,"Panchayat Union Primary School,
Bathalapalli - 635 109,West Facing
North Portion Mangalore Tiled
Building",351,195,0,20,0,0,6,1,0,0,0,0,0,0,5,2,0,0,6,586,0,586,,910,64.40
167,130,"Panchayat Union Primary School
(Urdu), Bathalapalli - 635109,East
Facing Terraced Building",270,194,0,31,1,1,16,1,0,0,0,0,0,0,0,0,0,0,10,524,0,524,,747,70.15
168,131M,"Panchayat Union Middle School ,
(Telugu) Kumudepalli 635109,East
Facing North Portion New
Terraced Building",215,140,0,34,0,0,12,0,0,0,0,0,0,0,0,0,0,0,2,403,,403,,597,67.50
169,"131A
(W)","Panchayat Union Middle School ,
(Telugu) Kumudepalli 635109,East
Facing South Portion New Terraced
Building",206,128,0,25,0,0,11,0,0,0,0,0,0,1,0,0,0,1,0,372,0,372,,530,70.19
170,132,"Panchayat Union Primary
School,Thippalam 635109,North
Facing East Portion Terraced
Building",228,254,0,14,1,0,4,2,0,0,0,0,0,0,0,3,0,1,3,510,0,510,,594,85.86
171,133M,"Panchayat Union Middle School ,
(Telugu) Kumudepalli
635109,South Facing East Portion
Terraced Building",270,158,1,46,0,0,7,2,0,0,0,0,0,0,0,3,0,0,2,489,0,489,,620,78.87
1721,33A(W,"Panchayat Union Middle School ,
(Telugu) Kumudepalli
)
635109,South Facing West Portion
Terraced Building",257,154,0,31,0,1,13,0,1,0,2,0,0,1,0,4,1,0,2,467,0,467,,573,81.50
173,134M,"Panchayat Union Middle School ,
(Telugu) Kumudepalli- 635
109,East Facing Centre Portion
(North) Terraced Building",241,141,0,31,3,0,4,0,0,0,0,0,0,0,0,0,1,0,1,422,0,422,,603,69.98
1741,34A(W,"Panchayat Union Middle School ,
(Telugu) Kumudepalli- 635
)
109,East Facing Centre Portion
(South) Terraced Building",241,135,0,19,2,0,5,1,0,0,0,0,0,0,0,1,3,0,1,408,0,408,,558,73.12
175,135,"Panchayat Union Middle School ,
(Telugu) Kumudepalli- 635
109,Noth Facing East Portion
Terraced Building",326,207,0,39,0,0,11,2,0,0,0,0,0,0,1,0,0,1,4,591,0,591,,803,73.60
176,136,"Panchayat Union Middle
School(Urdu), Gollapalli - 635
109,North facing, West Portion
Terraced building",560,113,1,1,1,0,0,0,0,0,0,0,0,0,0,6,7,0,1,690,0,690,,790,87.34
177,137M,"Panchayat Union Middle School
(Telugu), Thorapalli agaraharam -
635 109,South Portion East Portion
Terraced Building",220,235,0,27,0,1,1,0,0,0,0,1,1,1,0,1,1,0,4,493,0,493,,539,91.47
1781,37A(W,"Panchayat Union Middle School
(Telugu), Thorapalli agaraharam -
)
635 109,South Portion West
Portion Terraced Building",238,204,2,6,0,3,1,0,0,0,0,0,0,3,2,7,0,0,0,466,0,466,,528,88.26
179,138M,"Panchyat Union Middle School
(Telugu) Thorapalli Agaraharam
635109,West Facing West Building
North Portion Terraced Building",310,196,1,18,0,0,2,1,0,0,0,1,0,0,0,2,0,0,2,533,0,533,,655,81.37
1801,38A(W,"Panchyat Union Middle School
(Telugu) Thorapalli Agaraharam
)
635109,West Facing West Building
South Portion Terraced Building",317,180,1,10,0,0,3,0,0,0,0,0,0,0,5,9,2,0,1,528,0,528,,654,80.73
181,139,"Panchyat Union Middle School
(Telugu) Thorapalli Agaraharam
635109,West Facing East Building
North Portion Terraced Building",482,268,2,23,0,1,4,2,0,0,0,1,1,0,1,7,2,0,2,796,0,796,,1012,78.66
182,140,"Govt. High School, Onnalvadi
635109,East facing North portion
terraced Building",386,311,1,34,1,0,7,3,0,0,0,0,1,1,0,0,4,1,7,757,0,757,,967,78.28
183,141,"Govt. High School, Onnalvadi
635109,North Facing Centre
Portion Terraced Building",264,192,4,4,0,0,2,0,0,1,0,0,0,0,1,4,0,2,1,475,0,475,,585,81.20
184,142,"Panchayat Union Primary School
Jonabanda - 635109,North Facing
Terraced Building",361,195,1,13,1,1,1,2,1,0,0,1,0,0,3,1,2,3,1,587,0,587,,685,85.69
185,143,"Panchayat Union Primary School ,
O.Karapalli 635109,North Facing
Asbestos Sheet Building West
Portion",387,267,2,27,1,0,8,0,0,0,0,0,0,0,0,0,0,0,5,697,0,697,,944,73.83
186,144,"Panchayat Union Primary School ,
O.Karapalli 635109,North Facing
Asbestos Sheet Building West
Portion",197,156,1,10,0,0,7,0,0,0,0,0,0,0,0,2,2,0,6,381,0,381,,451,84.48
187,145M,"Panchayat Union Primary School
Somanathapuram 635109,South
Facing East Portion Terraced
Building",202,201,2,26,0,0,25,1,0,0,0,0,0,0,0,0,0,2,5,464,0,464,,623,74.48
1881,45A(W,"Panchayat Union Primary School
Somanathapuram 635109,South
)
Facing West Portion Terraced
Building",185,194,6,19,0,1,21,1,0,0,0,0,0,0,1,2,0,1,2,433,0,433,,584,74.14
189,146,"Panchayat Union Primary School ,
Navadhi - 635 110,North Facing
East Portion Asbestos Sheet
Building",324,283,1,63,1,0,29,5,0,0,1,0,0,0,0,3,1,0,11,722,0,722,,1036,69.69
190,147M,"Besso Nursery & Primary School,
Lakshmi Narasima Nagar, Navadhi -
635 110,North Facing East Wing
Asbestos Cement Sheet Building",205,151,0,41,1,0,24,7,0,0,0,1,0,0,0,0,0,0,10,440,0,440,,612,71.90
191,"147A
(W)","Besso Nursery & Primary School,
Lakshmi Narasima Nagar, Navadhi -
635 110,North Facing West Wing
Asbestos Cement Sheet Building",196,156,0,25,1,0,33,4,0,0,0,1,0,0,0,1,0,0,6,423,0,423,,601,70.38
192,148M,"Panchayat Union Primary School ,
Navadhi - 635110,West Facing
North Wing Asbestos Sheet
Building",223,149,0,40,1,0,6,0,0,0,0,0,0,0,1,1,0,1,2,424,0,424,,547,77.51
193,"148A
(W)","Panchayat Union Primary School ,
Navadhi - 635 110,North Facing
West Portion Asbestos Sheet
Building",252,135,0,12,0,3,5,0,0,0,0,0,0,1,2,1,3,0,2,416,0,416,,539,77.18
194,149,"Anganwadi School, (ICDS) Navadhi-
635110,East Facing Terraced
Building",169,101,0,18,0,0,24,1,0,0,0,0,0,0,0,1,1,0,2,317,0,317,,464,68.32
195,150,"Corporation Middle School
Chennathur 635109,West Facing
North Portion New Terraced
Building",317,320,3,14,1,0,8,2,0,0,0,0,0,0,2,0,1,2,4,674,0,674,,922,73.10
196,151M,"Corporation Middle School
Chennathur 635109,West Facing
South Portion New Terraced
Building",157,203,0,16,0,1,16,2,1,0,0,0,0,0,2,0,1,0,3,402,0,402,,563,71.40
197,"151A
(W)","Corporation Middle School
Chennathur, Hosur 635109,South
Facing North Wing New Terraced
Building (Tamil Section)",147,181,4,14,0,0,10,0,0,0,0,0,0,0,3,3,0,0,2,364,0,364,,553,65.82
198,152,"Corporation Middle School
Seetharam Nagar Hosur -
635109,East Facing North Portion
Terraced Building",458,144,0,31,0,0,27,1,0,0,0,0,0,0,0,2,4,2,2,671,0,671,,938,71.54
199,153M,"Sapthagiri Matriculation School,
Venkatesh Nagar, Hosur -
635109,East Facing Centre Portion
Terraced Building Room No.8",184,151,0,30,0,0,26,2,0,0,1,0,0,1,1,0,1,0,3,400,0,400,,609,65.68
2001,53A(W,"Sapthagiri Matriculation School,
Venkatesh Nagar, Hosur -
)
635109,East Facing Centre Portion
Terraced Building Room No.9",173,147,3,16,0,0,24,3,0,0,2,0,0,0,0,1,0,0,4,373,0,373,,589,63.33
201,154M,"Corporation Middle School,
Alasanatham -635109,South Facing
Center Portion New Terraced
Building",199,162,0,45,0,0,15,1,0,0,0,1,0,0,0,1,0,0,3,427,0,427,,660,64.70
2021,54A(W,"Corporation Middle School,
Alasanatham -635109,South Facing
)
East Portion New Terraced
Building",159,189,0,18,0,0,15,2,1,0,0,0,0,0,0,0,1,2,3,390,0,390,,633,61.61
203,155,"Corporation Middle School,
Alasanatham -635109,South Facing
Center Portion New Terraced
Building",272,281,0,61,1,0,38,2,0,0,0,0,0,0,4,1,0,1,11,672,0,672,,1017,66.08
204,156M,"Corporation Middle School,
Alasanatham 635 109,East Facing
North Portion New Terraced
Building",168,206,1,30,1,0,21,0,0,0,0,0,0,0,0,0,1,2,5,435,0,435,,727,59.83
205,"156A
(W)","Corporation Middle School,
Alasanatham 635 109,East Facing
South Portion New Terraced
Building",161,203,4,14,0,0,20,0,1,0,0,0,0,0,2,1,3,1,0,410,0,410,,665,61.65
206,157,"Corporation Middle School,
Alasanatham 635 109,East Facing
South Portion New Terraced
Building",265,267,0,43,1,1,23,2,0,1,0,0,0,0,0,1,0,0,7,611,0,611,,921,66.34
207,158M,"Corporation Middle School,
Alasanatham 635 109,West Facing
East Wing South Portion New
Terraced Building",163,150,0,24,0,0,23,2,0,0,0,1,0,0,2,0,0,0,1,366,0,366,,570,64.21
2081,58A(W,"Corporation Middle School,
Alasanatham 635 109,West Facing
)
East Wing North Portion New
Terraced Building",137,147,2,15,0,0,17,1,0,0,0,0,0,0,0,0,1,1,1,322,0,322,,526,61.22
209,159,"Corporation Primary School
Sanachandiram 635 109,East
Facing North Portion North Wing
Terraced Building",300,208,0,28,0,0,47,4,0,0,0,0,0,0,3,1,0,1,8,600,0,600,,908,66.08
210,160,"Corporation Primary School
Sanachandiram 635 109,East
Facing South Portion South Wing
Terraced Building",254,174,0,37,1,0,10,8,0,3,0,0,1,0,0,5,0,0,2,495,0,495,,833,59.42
211,161,"Corporation Primary School
Sanachandiram 635 109,South
Facing East Portion Terraced
Building",402,141,1,48,0,0,8,3,1,0,1,0,0,0,2,4,5,0,3,619,0,619,,896,69.08
212,162,"Corporation Middle School
Seetharam Nagar,Hosur 635
109,East Facing South portion New
Terraced Building",369,245,3,34,0,0,13,10,1,2,0,0,0,0,1,3,3,0,8,692,0,692,,1016,68.11
213,163,"Corporation Middle School
Seetharam Nagar, Hosur 635
109,East Facing South portion
Terraced Building",270,246,3,32,0,0,9,8,1,0,0,0,0,1,2,4,1,5,7,589,0,589,,855,68.89
214,164,"Corporation Primary School
Therpettai (Choodavadi) Hosur
635109,West Facing North Portion
Terraced Building",187,177,1,21,0,0,0,0,0,0,0,0,0,0,0,0,1,0,1,388,0,388,,605,64.13
215,165M,"Corporation Primary School
Therpettai (Choodavadi) Hosur
635109,West Facing South Portion
Terraced Building",164,240,0,27,1,0,5,1,0,0,0,1,0,0,0,0,0,1,4,444,0,444,,597,74.37
2161,65A(W,"Corporation Primary School
Therpettai (Choodavadi) Hosur
)
635109,West Facing Centre Portion
Terraced Building",176,243,2,16,1,0,12,1,0,0,1,1,0,0,3,3,1,0,3,463,0,463,,643,72.01
217,166,"Corporation Primary School,
Choodavadi, Therpettai Hosur
635109,Bharathiyar Kalaikudam
Room No 5",175,228,1,13,0,0,9,0,0,0,0,0,0,1,2,1,0,1,5,436,0,436,,576,75.69
218,167,"Corporation Primary School
Therpettai (Choodavadi) Hosur
635109,North Facing East Portion
Terraced Building",330,115,2,14,0,0,4,0,0,0,1,0,0,0,2,2,6,0,2,478,0,478,,880,54.32
219,168M,"Sapthagiri Matriculatrion School,
Venkatesh Nagar Hosur-635
109,South Facing West Portion
Terraced Building Room No.2",174,209,0,53,0,1,9,1,0,0,0,1,0,0,1,0,2,1,2,454,0,454,,661,68.68
2201,68A(W,"Sapthagiri Matriculatrion School,
Venkatesh Nagar Hosur 635
)
109,South Facing West Portion
Terraced Building Room No.3",153,230,3,31,0,1,3,2,0,0,0,1,0,1,1,3,2,1,1,433,0,433,,636,68.08
221,169M,"Sapthagiri Matriculatrion School,
Venkatesh Nagar Hosur-635
109,North Facing Terraced
Building Room No.16",137,178,1,39,0,1,12,3,0,0,0,0,0,0,0,0,0,2,6,379,0,379,,573,66.14
2221,69A(W,"Sapthagiri Matriculatrion School,
Venkatesh Nagar Hosur 635
)
109,North Facing Terraced
Building Room No.17",144,197,2,22,1,0,5,0,0,0,0,1,0,0,1,1,2,2,4,382,0,382,,547,69.84
223,170,"R V Govt. Boys.Hr. Sec. School
Hosur 635109,West Facing New
Terraced Building Additional
Building Room No.1",211,300,0,29,0,0,8,2,0,1,0,0,0,0,0,0,0,0,8,559,0,559,,866,64.55
224,171,"R V Govt. Boys.Hr. Sec. School
Hosur 635109,South Facing
Terraced Building 'C' Block Room
No.1",493,116,0,16,2,0,7,1,0,0,0,0,0,0,0,0,0,0,2,637,0,637,,934,68.20
225,172M,"R V Govt. Boys.Hr. Sec. School
Hosur 635109,South Facing New
Terraced Building Additional
Building Room No.2",213,174,0,30,0,1,21,0,0,0,1,0,0,0,0,0,0,1,7,448,0,448,,666,67.27
2261,72A(W,"R V Govt. Boys.Hr. Sec. School
Hosur 635109,East Facing New
)
Terraced Building Additional
Building Room No.3",186,171,0,19,0,0,15,2,0,0,1,0,0,0,1,1,1,1,3,401,0,401,,655,61.22
227,173M,"R V Govt. Boys.Hr. Sec. School
Hosur 635109,East Facing New
Terraced Building Additional
Building Room No.4",134,262,0,14,0,0,4,2,0,0,0,0,0,0,1,0,1,1,3,422,0,422,,600,70.33
2281,73A(W,"R V Govt. Boys.Hr. Sec. School
Hosur 635109,East Facing New
)
Terraced Building Additional
Building Room No.5",144,253,2,10,0,0,12,0,0,0,0,0,0,0,0,3,2,2,0,428,0,428,,632,67.72
229,174,"R V Govt. Boys.Hr. Sec. School
Hosur 635109,South Facing
Terraced Building 'C' Block Room
No.2",87,167,0,11,0,0,7,0,0,1,0,0,0,0,1,1,1,0,3,279,0,279,,427,65.34
230,175M,"R V Govt. Boys.Hr. Sec. School
Hosur 635109,East Facing
Terraced Building 'B' Block Room
No.8",209,165,0,15,0,0,7,2,0,0,0,0,1,0,1,4,0,0,1,405,0,405,,702,57.69
231,"175A
(W)","R V Govt. Boys.Hr. Sec. School
Hosur 635109,East Facing
Terraced Building 'B' Block Room
No.9",195,142,2,8,0,0,9,0,0,0,1,0,0,0,0,3,0,3,3,366,0,366,,642,57.01
232,176,"R V Govt. Boys.Hr. Sec. School
Hosur 635109,East Facing
Terraced Building 'B' Block Room
No.5",267,141,0,19,0,0,20,2,0,1,0,0,0,0,0,1,2,4,3,460,0,460,,828,55.56
233,177M,"R V Govt. Boys.Hr. Sec. School
Hosur 635109,East Facing
Terraced Building 'B' Block Room
No.6",267,122,0,30,0,0,3,0,0,1,0,0,0,0,0,1,6,3,3,436,0,436,,639,68.23
2341,77A(W,"R V Govt. Boys.Hr. Sec. School
Hosur 635109,East Facing
)
Terraced Building 'B' Block Room
No.7",253,130,1,11,0,0,7,0,0,0,0,0,0,0,0,9,1,0,2,414,0,414,,623,66.45
235,178,"R V Govt. Boys.Hr. Sec. School
Hosur 635109,East Facing
Terraced Building 'B' Block Room
No.4",336,200,0,35,1,0,11,3,1,0,0,1,1,0,0,1,1,0,1,592,0,592,,846,69.98
236,179,"R V Govt. Boys.Hr. Sec. School
Hosur 635109,East Facing
Terraced Building 'B' Block Room
No.3",380,184,1,16,0,0,1,4,0,0,0,1,1,0,3,4,3,5,2,605,0,605,,848,71.34
237,180,"R V Govt. Boys.Hr. Sec. School
Hosur 635109,North Facing
Terraced Building 'A' Block Room
No.1",321,211,1,40,0,0,5,1,0,0,0,0,1,2,0,2,3,0,7,594,0,594,,799,74.34
238,181M,"R V Govt. Boys.Hr. Sec. School
Hosur 635109,East Facing
Terraced Building 'B' Block Room
No.1",158,193,1,35,1,0,4,2,1,0,0,0,0,0,0,4,0,0,4,403,0,403,,552,73.01
239,"181A
(W)","R V Govt. Boys.Hr. Sec. School
Hosur 635109,East Facing
Terraced Building 'B' Block Room
No.2",183,211,2,13,1,1,5,0,0,0,1,0,0,1,0,3,6,1,4,432,0,432,,561,77.01
240,182M,"R V Govt. Boys.Hr. Sec. School
Hosur 635109,North Facing
Terraced Building 'A' Block Room
No.2",156,171,0,29,0,1,11,1,0,0,0,0,0,0,0,0,1,0,4,374,0,374,,560,66.79
241,"182A
(W)","R V Govt. Boys.Hr. Sec. School
Hosur 635109,North Facing
Terraced Building 'A' Block Room
No.3",140,180,2,18,0,0,16,0,0,1,0,1,0,0,0,0,1,1,5,365,0,365,,568,64.26
242,183,"R V Govt. Boys.Hr. Sec. School
Hosur 635109,North Facing
Terraced Building 'A' Block Room
No.4",281,245,1,21,2,0,11,0,0,0,0,0,0,1,0,1,1,2,14,580,0,580,,906,64.02
243,184M,"R V Govt. Boys.Hr. Sec. School
Hosur 635109,North Facing
Terraced Building 'A' Block Room
No.5",338,117,1,4,0,0,7,6,0,0,0,0,0,0,0,0,0,0,3,476,0,476,,695,68.49
2441,84A(W,"R V Govt. Boys.Hr. Sec. School
Hosur 635109,North Facing
)
Terraced Building 'A' Block Room
No.6",292,104,0,4,0,0,6,3,0,0,0,0,0,0,2,0,0,0,2,413,0,413,,640,64.53
245,185,"Govt Girls Hr Sec School Hosur-
635109,North Facing West portion
Terraced Building Room No 34",315,230,0,15,0,0,7,0,0,0,0,0,0,1,0,2,2,0,2,574,0,574,,790,72.66
246,186,"Govt Girls Hr sec School Hosur
635109,North Facing Terraced
Building Centre portion Room No-
36",110,195,0,8,0,0,6,1,0,0,0,0,0,0,0,3,0,0,3,326,0,326,,496,65.73
247,187,"Govt Girls Hr Sec School Hosur 635
109,South Facing West portion
New Terraced Building Room No
G8",187,348,1,21,0,1,18,0,0,0,0,0,0,0,5,0,0,1,11,593,0,593,,848,69.93
248,188,"Govt Girls Hr Sec School Hosur 635
109,South Facing Centre portion
New Terraced Building Room No
G9",276,224,0,13,0,0,9,3,0,0,0,0,2,1,0,0,1,0,2,531,0,531,,867,61.25
249,189,"Govt Girls Hr Sec School Hosur 635
109,South Facing Centre portion
New Terraced Building Room No
G10",133,206,0,22,0,0,14,2,0,0,0,0,0,0,0,0,0,0,3,380,0,380,,579,65.63
250,190,"Govt Girls Hr Sec School Hosur
635109,South Facing Centre
portion New Terraced Building
Room No G7",228,255,0,20,0,0,15,3,0,0,0,1,0,0,1,2,0,1,10,536,0,536,,770,69.61
251,191,"Govt Girls Hr Sec School Hosur 635
109,Norrth Facing Centre portion
Terraced Building Room No 33A",274,228,1,27,0,1,18,8,0,0,0,4,0,0,0,0,1,1,7,570,0,570,,943,60.45
252,192M,"Corporation Primary School ,
(Urudu) Kamaraj Colony Hosur
635109,West Facing South Portion
Terraced Building",178,200,1,30,0,1,14,1,0,0,0,1,0,0,0,0,0,1,9,436,0,436,,750,58.13
253,"192A
(W)","Corporation Primary School ,
(Urudu) Kamaraj Colony Hosur
635109,West Facing North Portion
Terraced Building",175,170,1,19,0,0,18,1,1,0,0,0,0,0,1,0,1,1,6,394,0,394,,746,52.82
254,193M,"Achievers Academy
Nanjundeswara Nagar, Hosur-
635109,South facing Centre
portion terraced building Room
No.26",206,166,1,35,0,0,23,0,0,0,0,0,0,0,1,0,0,0,3,435,0,435,,602,72.26
255,"193A
(W)","Achievers Academy
Nanjundeswara Nagar, Hosur-
635109,South facing Centre
portion terraced building Room
No.27",186,167,0,11,0,0,25,1,0,0,1,1,0,0,1,1,0,0,6,400,0,400,,600,66.67
256,194,"Corporation Middle School ,
(Telugu) Kamaraj Colony Hosur -
635109,East Facing West Wing
North Portion New Terraced
Building",320,162,0,48,0,0,23,0,0,0,0,0,0,0,0,0,1,0,8,562,0,562,,1046,53.73
257,195,"Corporation Middle School ,
(Telugu) Kamaraj Colony Hosur -
635109,East Facing West Wing
South Portion Terraced Building",167,116,0,23,0,0,15,0,0,0,0,0,0,0,1,0,1,0,7,330,0,330,,542,60.89
258,196,"Corporation Primary School
(Urudu), Kamaraj Colony, Hosur
635109,North facing, South East
Portion, Terraced building",161,164,1,18,0,0,15,0,0,0,0,1,0,0,1,0,0,0,5,366,0,366,,642,57.01
259,197,"Corporation Primary School
(Urudu), Kamaraj Colony, Hosur
635109,North facing, West Portion,
Terraced building",260,212,0,42,0,0,29,3,0,0,1,0,0,0,0,1,1,0,16,565,0,565,,877,64.42
260,198M,"Corporation Primary School
(Urudu), Kamaraj colony Hosur-
635 109,North Facing South wing
Terraced Building Second Room
From East",211,116,0,31,0,0,13,1,0,0,0,0,0,0,1,1,0,1,5,380,0,380,,620,61.29
261,"198A
(W)","Corporation Primary School
(Urudu), Kamaraj colony Hosur-
635 109,North Facing South wing
West Portion Terraced Building",179,137,0,22,0,0,23,1,0,0,0,0,0,0,2,0,0,0,2,366,0,366,,610,60.00
262,199,"Corporation Middle School ,
(Tamil) Kamaraj Colony Hosur
635109,East Facing west wing
Terraced Building South Portion
Room No 13",220,268,0,32,0,0,26,2,0,0,0,2,0,1,0,0,0,1,6,558,0,558,,977,57.11
263,200M,"Corporation Middle School (Tamil),
Kamaraj Colony,Hosur 635109,East
Facing west wing Terraced
Building North Wing Room No 11",179,125,0,37,0,0,12,2,0,0,0,0,0,0,1,0,0,0,6,362,0,362,,553,65.46
2642,00A(W,"Corporation Middle School (Tamil),
Kamaraj Colony,Hosur 635109,East
)
Facing west wing Centre Portion
Terraced Building",193,139,0,13,0,0,18,3,0,0,0,0,0,0,1,3,1,0,2,373,0,373,,602,61.96
265,201,"Parimalam Matric.Hr.sec. School
Hosur 635109,North Wing East
Facing Terraced Building Room No
2",243,137,0,22,0,0,17,0,0,0,0,0,0,0,0,0,0,1,6,426,0,426,,676,63.02
266,202,"Parimalam Matric.Hr.sec. School
Hosur 635109,North Wing East
Facing Terraced Building Room No
3",237,195,2,33,0,1,40,1,1,0,0,0,0,0,1,0,1,0,4,516,0,516,,837,61.65
267,203M,"Parimalam Matric. Hr. Sec. School,
Hosur - 635109,East facing west
portion, terraced building, Room
no. 6",156,157,0,26,1,0,13,4,0,0,0,1,0,0,0,0,1,1,5,365,0,365,,608,60.03
2682,03A(W,"Parimalam Matric Hr.sec.School,
Telephone Exchange Road, Hosur -
)
635109,East facing west portion,
terraced building 7",178,157,0,19,0,0,17,0,0,0,1,0,0,0,0,0,1,0,2,375,0,375,,627,59.81
269,204,"Parimalam Matric. Hr. Sec. School,
Hosur - 635109,East facing west
portion, terraced building, Room
no. 5",241,143,0,39,0,0,24,1,0,0,0,0,0,0,1,1,0,0,5,455,0,455,,857,53.09
270,205,"Parimalam Matric. Hr. Sec. School,
Hosur - 635109,East facing west
portion, terraced building, Room
no. 6",222,134,1,16,0,0,11,0,0,0,0,0,0,0,0,0,0,0,3,387,0,387,,716,54.05
271,206,"Parimalam Metric Hr.Sec.School,
Hosur - 635 109,East Facing west
portion, Terraced Building, Room
no-5",303,259,0,35,0,0,17,2,0,0,0,0,0,0,2,2,1,0,4,625,0,625,,877,71.27
272,207,"Parimalam Matric Hr.sec.School,
Exchange Road, Hosur -
635109,East facing, South portion
Terraced building, room no. 8",346,160,1,52,1,0,29,2,0,0,0,0,0,0,2,0,0,1,8,602,,602,,1015,59.31
273,208,"Parimalam Matric Hr.sec.School,
Exchange Road, Hosur -
635109,East facing, South portion
Terraced building, room no. 9",260,177,1,37,0,0,22,3,0,1,0,0,0,0,0,2,0,0,2,505,0,505,,731,69.08
274,209M,"Parimalam Matric Hr.sec.School,
Exchange Road, Hosur -
635109,East facing, west portion
Terraced building, room no. 7",171,130,0,31,0,0,12,2,1,0,0,0,0,0,0,0,0,0,3,350,0,350,,555,63.06
275,"209A
(W)","Parimalam Matric Hr.sec.School,
Telephone Exchange Road, Hosur -
635109,East facing, west portion
Terraced building",182,119,0,27,0,0,23,0,0,1,0,0,0,0,0,1,0,0,3,356,0,356,,575,61.91
276,210,"C.S.I.Christ Matric Hr.Sec.School,
Shanthi Nagar, Denkanikottai Road,
Hosur 635 109,North facing South
Wing Terraced Building Room
No.G11",216,149,0,17,0,0,9,0,0,0,1,0,0,0,1,0,0,3,4,400,0,400,,607,65.90
277,211M,"C.S.I.Christ Matric Hr.Sec.School,
Shanthi Nagar, Denkanikottai Road,
Hosur 635 109,North facing South
Wing Terraced Building Room
No.G12",198,157,1,44,0,0,19,5,0,0,0,0,0,0,1,1,1,0,10,437,0,437,,728,60.03
2782,11A(W,"C.S.I.Christ Matric Hr.Sec.School,
Shanthi Nagar, Denkanikottai Road,
)Hosur 635 109,North facing South
Wing Terraced Building Romm
No.G13",184,123,0,23,1,1,17,1,0,0,0,0,0,0,0,1,0,0,3,354,0,354,,702,50.43
279,212M,"C.S.I.Christ Matric Hr.Sec.School,
Shanthi Nagar, Denkanikottai Road,
Hosur 635 109,North facing South
Wing Terraced Building Romm
No.G14",207,179,0,28,1,0,22,6,0,0,0,0,0,0,3,0,0,0,5,451,0,451,,730,61.78
2802,12A(W,"C.S.I.Christ Matric Hr.Sec.School,
Shanthi Nagar, Denkanikottai Road,
)Hosur 635 109,North facing South
Wing Terraced Building Room
No.G15",181,176,0,16,0,0,15,3,0,0,0,0,0,0,3,0,0,0,2,396,0,396,,711,55.70
281,213,"Ramakrishna Metric School
Denkanikottai Road Hosur 635
109,North Facing West Portion
Terraced Building Room No.3",355,235,0,40,1,0,29,0,0,0,0,0,0,0,2,0,2,0,7,671,0,671,,991,67.71
282,214,"Ramakrishna Metric School
Denkanikottai Road Hosur 635
109,North Facing West Portion
Terraced Building Room No.3",277,205,1,29,0,0,20,1,0,0,0,0,1,2,0,3,2,0,3,544,0,544,,833,65.31
283,215,"Sri Chaitanya School, Dinnur,
Denkanikottai Road, Hosur-
635109,East Facing Terraced
Building Class Room No.1A",178,186,0,29,0,0,24,1,0,0,0,2,0,0,1,0,0,0,3,424,0,424,,689,61.54
284,216M,"Sri Chaitanya School, Dinnur,
Denkanikottai Road, Hosur-
635109,East Facing Terraced
Building Class Room No.4",190,136,0,36,0,0,25,3,0,0,0,0,0,0,0,0,0,0,7,397,0,397,,542,73.25
285,"216A
(W)","Sri Chaitanya School, Dinnur,
Denkanikottai Road, Hosur-
635109,East Facing Terraced
Building Class Room No.5",188,133,1,24,0,1,21,2,0,0,0,1,1,0,0,1,0,0,3,376,0,376,,544,69.12
286,217,"Ramakrishna Matric School
Denkanikottai Road Hosur 635
109,North Facing East Portion
Terraced Building Room No.15",236,196,2,26,0,0,52,4,0,0,0,0,0,1,2,1,0,0,9,529,0,529,,863,61.30
287,218,"Ramakrishna Matric School
Denkanikottai Road Hosur 635
109,North Facing East Portion
Terraced Building Room No.15",215,186,0,21,0,0,44,3,0,0,0,0,0,0,1,1,0,0,9,480,0,480,,872,55.05
288,219,"Ramakrishna Matric School
Denkanikottai Road Hosur 635
109,North Facing Terraced
Building Room No.13",219,242,0,38,0,0,36,1,0,0,0,0,0,0,1,0,0,0,4,541,0,541,,873,61.97
289,220,"Ramakrishna Matric School
Denkanikottai Road Hosur 635
109,North Facing Terraced
Building Room No.3",170,239,0,25,0,0,42,1,0,0,0,1,0,1,0,1,0,0,5,485,0,485,,798,60.78
290,221,"Ramakrishna Matric School
Denkanikottai Road Hosur 635
109,North Facing West Portions
Terraced Building Room No.11",241,215,2,42,0,1,13,2,0,0,0,1,0,0,1,1,0,1,3,523,0,523,,810,64.57
291,222M,"St John Bosco Girls High School
Denkanikottai Road Hosur 635
109,North Facing Centre Portion
Terraced Building",149,127,1,18,0,0,20,7,0,0,0,1,0,0,1,0,0,0,5,329,0,329,,675,48.74
292,"222A
(W)","St John Bosco Girls High School
Denkanikottai Road Hosur 635
109,North Facing East Portion
Terraced Building",156,120,0,17,0,0,26,5,0,0,0,0,0,1,0,0,0,0,1,326,0,326,,649,50.23
293,223M,"St John Bosco Girls High School,
Denkanikottai Road Hosur-
635109,North Facing East Portion
Terraced Building Centre Portion
Room No-10",170,164,1,23,0,0,16,10,0,0,0,0,0,0,4,1,0,0,5,394,0,394,,699,56.37
294,"223A
(W)","St John Bosco Girls High School,
Denkanikottai Road Hosur-
635109,North Facing East Portion
Terraced Building Centre Portion",161,124,0,12,0,0,21,11,0,0,0,0,0,0,0,2,2,0,5,338,0,338,,693,48.77
295,224,"St.John Bosco Primary School,
Denkanikottai Road, Hosur-
635109,West Facing South Portion
Terraced Building",375,184,0,52,0,0,27,1,0,0,0,0,0,0,2,1,2,1,8,653,0,653,,1015,64.33
296,225,"St.John Basco Primary School,
Denkanikottai Road, Hosur 635
109,South Facing East Portion
Terraced Building Room No UKG-B",340,171,1,58,0,0,40,3,0,0,0,3,0,0,1,0,1,0,10,628,0,628,,919,68.34
297,226M,"St.John Bosco Primary School,
Denkanikotta Road Hosur 635
109,West Facing South Portion
Terraced Building",181,158,0,28,0,2,10,5,0,0,0,0,0,0,1,1,0,0,4,390,0,390,,581,67.13
298,"226A
(W)","St.John Bosco Primary School,
Denkanikotta Road Hosur 635
109,West Facing South Portion
Terraced Building",201,172,2,9,0,1,18,2,0,1,0,0,0,1,2,3,3,0,5,420,0,420,,638,65.83
299,227,"St.John Bosco Primary School,
Denkanikotta Road Hosur 635
109,West Facing North Portion
Terraced Building 22",280,196,0,21,1,0,11,2,0,0,0,0,0,0,0,2,2,0,5,520,0,520,,835,62.28
300,228M,"St.John Bosco Primary School,
Denkanikotta Road Hosur 635
109,South facing North Portion
Terraced Building",223,150,1,41,1,0,14,17,0,1,0,0,0,1,1,0,0,0,4,454,0,454,,693,65.51
301,"228A
(W)","St.John Bosco Primary School,
Denkanikotta Road Hosur 635
109,South facing North Portion
Terraced Building",242,137,0,24,0,0,23,17,0,0,1,0,0,0,0,1,1,0,1,447,0,447,,730,61.23
302,229,"St. John Basco Girls High School,
Denkanikottai Road, Hosur
635109,East facing North portion
New Terraced building room no.
L.K.G - B",269,182,0,42,0,0,41,13,0,0,0,0,1,0,1,1,1,0,9,560,0,560,,806,69.48
303,230,"Maharishi Bala Vidhya Mandir,
Bagalur Road Hosur 635109,South
Facing New Terraced Building East
Room No.13",173,121,0,20,0,0,24,2,0,0,1,0,0,0,2,0,2,1,6,352,0,352,,568,61.97
304,231,"Maharishi Bala Vidhya Mandir,
Bagalur Road Hosur 635109,South
Facing New Terraced Building
West Room No.12",269,215,1,38,0,0,45,3,0,0,1,0,0,0,0,0,0,0,8,580,0,580,,950,61.05
305,232M,"Sri Vijai Vidyalaya Mat. Hr. Sec.
School, Bagalur Road HUDCO
Hosur-635109,South Facing East
Wing Terraced Building Room No
12",142,168,0,17,0,0,15,1,0,0,0,0,0,1,2,0,0,0,2,348,0,348,,596,58.39
306,"232A
(W)","Sri Vijai Vidyalaya Mat. Hr. Sec.
School, Bagalur Road HUDCO
Hosur-635109,South Facing East
Wing Terraced Building Room No.
10",135,147,0,14,0,0,14,1,0,0,0,0,0,1,1,0,0,0,5,318,0,318,,560,56.79
307,233M,"Maharishi Bala Vidya Mandir,
Bagalur Road, Hosur 635 109,South
facing Terraced Building Room
No.15",198,170,2,28,0,0,13,0,0,0,0,1,0,0,0,0,0,0,7,419,0,419,,546,76.74
308,"233A
(W)","Maharishi Bala Vidya Mandir,
Bagalur Road, Hosur 635
109,North facing Terraced Building
Room No.3",167,193,2,12,1,0,6,0,0,1,1,1,0,0,0,1,1,1,6,393,0,393,,535,73.46
309,234M,"Maharishi Bala Vidya Mandir,
Bagalur Road, Hosur 635
109,North facing Terraced Building
Room No.4",174,163,0,32,0,5,16,0,0,0,0,0,0,0,0,0,0,0,4,394,0,394,,562,70.11
310,"234A
(W)","Maharishi Bala Vidya Mandir,
Bagalur Road, Hosur 635
109,North facing Terraced Building
Room No.5",172,147,0,20,0,3,11,0,0,0,0,0,0,0,0,0,1,0,4,358,0,358,,554,64.62
311,235,"Sir Vijaya Vidhyalaya Mat .Hr.
School Bagalur Road HUDCO Hosur
635109,South Facing Centre
portion Terraced Building Room
No 15",116,253,0,11,1,0,12,1,0,0,0,1,0,0,1,2,1,0,8,407,0,407,,702,57.98
312,236,"Sir Vijaya Vidhyalaya Mat .Hr.
School Bagalur Road HUDCO Hosur
635209,South Facing West portion
Terraced Building Room No 14",154,221,0,24,0,0,38,0,0,0,0,1,0,0,1,0,2,0,5,446,0,446,,762,58.53
313,237,"Sir Vijaya Vidhyalaya Mat .Hr.
School Bagalur Road HUDCO Hosur
635209,South Facing West portion
Terraced Building Room No 16",316,365,2,37,1,0,28,3,0,0,0,0,0,0,1,1,2,1,9,766,0,766,,1024,74.80
314,238,"Sir Vijay Vidhyalaya M H S School
Bagalur Road HUDCO Hosur
635109,North Facing Centre
portion Terraced Building Room
No 3",232,253,0,37,0,0,23,7,0,0,1,0,0,1,2,1,0,0,4,561,0,561,,1026,54.68
315,239,"Sri Vijay Vidhyalaya M H S School
Bagalur Road HUDCO Hosur
635109,North Facing Terraced
Building",199,266,0,32,0,0,35,0,0,0,0,1,0,0,4,1,0,0,8,546,0,546,,1026,53.22
316,240,"Sir Vijay Vidhyalaya M H School
Bagalur Road HUDCO Hosur
635109,North Facing Terraced
Building Centre Wing Room NO.6",218,139,0,27,0,0,16,2,0,0,0,0,0,0,0,0,0,0,3,405,0,405,,808,50.12
317,241M,"Sri Vijay Vidhyalaya M H School
Bagalur Road HUDCO Hosur
635109,North Facing Terraced
Building West Portion Room No.7",198,183,0,39,0,0,24,6,0,0,0,0,1,0,1,0,0,0,3,455,0,455,,671,67.81
318,"241A
(W)","Sri Vijay Vidhyalaya M H School
Bagalur Road HUDCO Hosur
635109,North Facing Terraced
Building East Portion",221,129,1,28,0,0,26,5,0,0,0,2,0,0,0,1,0,0,5,418,0,418,,649,64.41
319,242M,"Sericulture Training
Institute(JICCA) Old Bangalore
Road Hosur635 109,North Facing
Terraced Building East Portion 1",219,178,0,34,0,0,24,6,0,0,0,0,0,0,1,0,0,0,10,472,0,472,,655,72.06
320,"242A
(W)","Sericulture Training
Institute(JICCA) Old Bangalore
Road Hosur635 109,North Facing
Terraced Building East Portion 2",200,156,0,18,0,0,29,2,0,0,0,0,0,0,2,0,0,0,3,410,0,410,,621,66.02
321,243M,"Sericulture Training
Institute(JICCA) Old Bangalore
Road Hosur635 109,North Facing
Terraced Building West Portion 3",179,158,0,35,0,0,15,3,0,0,0,0,0,0,0,0,0,0,4,394,0,394,,632,62.34
322,"243A
(W)","Sericulture Training
Institute(JICCA) Old Bangalore
Road Hosur635 109,North Facing
Terraced Building West Portion 4",163,156,0,11,0,0,15,2,0,0,0,0,0,0,0,0,0,1,2,350,0,350,,574,60.98
323,244M,"Sericulture Training
Institute(JICCA) Old Bangalore
Road Hosur635 109,North Facing
West Portion New Terraced
Building",154,151,0,34,0,2,8,3,0,0,0,0,0,0,0,0,0,0,2,354,0,354,,563,62.88
324,"244A
(W)","Sericulture Training
Institute(JICCA) Old Bangalore
Road Hosur635 109,North Facing
East Portion New Terraced
Building",141,181,0,21,0,1,8,0,0,0,0,0,1,0,1,1,1,1,5,362,0,362,,540,67.04
325,245,"Sericulture Training
Institute(JICCA) Old Bangalore
Road Hosur635 109,Main New
Building North Facing West Portion
Terraced Bulliding",317,258,1,35,2,1,22,2,1,0,0,1,0,0,0,1,1,0,1,643,0,643,,1034,62.19
326,246M,"Velankanni Matriculation. Hr.Sec.
School, Thally Road, Hosur - 635
109,East Facing Terraced Building
Room No.10",187,119,0,38,0,0,4,0,0,1,0,0,0,0,0,1,1,1,0,352,0,352,,539,65.31
327,"246A
(W)","Velankanni Matric Hr.Sec.School,
Thally Road,Hosur 635 109,East
Facing Terraced Building Room
No.4 (LKG)",206,135,0,20,0,0,3,0,0,0,0,0,0,0,0,1,1,5,3,374,,374,,561,66.67
328,247,"Velankanni Matriculation. Hr.Sec.
School, Thally Road, Hosur - 635
109,East Facing Terraced Building
Room No 11",290,329,3,27,1,0,8,1,0,0,0,0,0,2,0,1,2,2,9,675,0,675,,1009,66.90
329,248M,"Sri Vijay Vidyashram, Old ASTC
Hudco, Phase 12, Hosur 635
109,West facing Room No.1",297,61,1,11,1,0,2,2,0,0,1,0,1,0,1,0,1,1,3,383,0,383,,659,58.12
330,"248A
(W)","Sri Vijay Vidyashram, Old ASTC
Hudco, Phase 12, Hosur 635
109,West facing Room No.2",297,66,1,4,0,0,2,2,0,0,0,0,0,0,4,3,2,0,0,381,0,381,,637,59.81
331,249M,"Sri Vijay Vidyashram, Old ASTC
Hudco, Phase 12, Hosur 635
109,West facing Room No.4",277,160,0,23,0,0,7,1,0,0,0,0,0,0,0,2,0,0,3,473,0,473,,730,64.79
332,"249A
(W)","Sri Vijay Vidyashram, Old ASTC
Hudco, Phase 12, Hosur 635
109,North facing Room No.5",269,192,2,7,0,0,8,1,1,0,0,0,0,0,0,1,1,2,1,485,0,485,,769,63.07
333,250M,"Corporation Primary School,
Muthurayan Jeebi, Hosur-
635109,South Facing west wing
New Terraced Building",129,229,1,27,0,1,16,2,0,0,0,5,0,0,2,0,1,1,6,420,0,420,,637,65.93
334,"250A
(W)","Corporation Primary School,
Muthurayan Jeebi, Hosur-
635109,East Facing west wing New
Terraced Building",141,245,3,14,0,0,9,1,0,0,0,4,0,1,1,1,0,2,3,425,0,425,,627,67.78
335,251,"Seventh day Adventist Primary
School Thally Road Hosur
635109,West Facing Cement Sheet
Building Room No E5",193,220,0,28,0,1,39,0,0,0,0,3,0,1,0,0,0,0,10,495,0,495,,878,56.38
336,252,"Seventh day Adventist Primary
School Thally Road Hosur
635109,West Facing Cement Sheet
Building Room No E5",129,167,1,17,0,0,21,0,0,0,0,1,0,0,0,0,0,0,3,339,0,339,,644,52.64
337,253M,"Seventh day Adventist Primary
School, Thally Road, Hosur
635109,West Facing Cement Sheet
Building Room No E4",172,101,1,39,0,0,22,4,0,0,0,0,0,0,1,0,0,0,3,343,0,343,,566,60.60
338,"253A
(W)","Seventh day Adventist Primary
School, Thally Road, Hosur
635109,West Facing Cement Sheet
Building",182,88,0,22,0,0,26,1,0,0,0,0,0,0,0,0,1,0,2,322,0,322,,512,62.89
339,254,"Seventh day Adventist Primary
School Thally Road Hosur
635109,West Facing Cement Sheet
Building Room No E8",125,128,0,8,0,0,26,2,0,0,0,0,0,0,2,0,1,0,2,294,0,294,,613,47.96
340,255,"Sisya School, Thally Road, Hosur
635 109,North facing Terraced
Building",183,205,0,26,0,0,30,1,0,0,0,1,0,0,1,0,0,0,14,461,0,461,,893,51.62
341,256M,"Sisya School,Thally Road,Hosur
635 109,North facing Terraced
Building Room No.1",162,140,0,38,0,0,36,6,0,0,0,0,0,0,2,0,1,0,3,388,0,388,,671,57.82
342,"256A
(W)","Sisya School,Thally Road,Hosur
635 109,North facing Terraced
Building Room No.2",173,127,0,22,0,0,30,2,0,0,0,0,0,0,1,0,0,0,4,359,0,359,,638,56.27
343,257,"Gurukulam Pre Primary School,
Hosur 635109,West Facing North
Portion Terraced Building",472,135,0,23,1,2,13,3,1,0,0,4,0,1,4,5,2,2,1,669,0,669,,994,67.30
344,258,"Sri Vijay Vidyashram, Old ASTC
Hudco, Phase 12, Hosur 635
109,North facing Room No.6",298,197,0,41,1,2,47,2,0,0,0,1,0,1,0,0,0,1,10,601,0,601,,1022,58.81
345,259,"Gurukulam Pre Primary School,
Hosur 635109,East Facing South
portion Terraced Building",170,102,0,28,0,0,31,3,0,0,0,0,0,1,0,0,0,0,6,341,0,341,,715,47.69
346,260M,"Gurukulam Pre Primary
School,Hosur 635109,West Facing
South portion Terraced Building",146,94,0,31,0,1,22,0,0,0,1,2,0,0,1,0,0,0,3,301,0,301,,591,50.93
347,"260A
(W)","Gurukulam Pre Primary School,
Hosur 635109,East Facing North
portion Terraced Building",136,98,0,17,0,1,32,0,0,0,0,0,0,0,2,0,2,0,4,292,0,292,,570,51.23
348,261M,"Seventh Day Adventist Primary
School Thally Road Hosur
635109,South Facing Cement Sheet
Building Room No E-8",132,142,0,31,0,0,20,5,0,0,0,0,0,0,1,0,0,0,5,336,0,336,,578,58.13
349,"261A
(W)","Seventh day Adventist Primary
School, Thally Road, Hosur
635109,West Facing Cement Sheet
Building Room No E-3",133,125,0,9,1,0,28,2,0,0,0,1,0,0,1,0,1,0,2,303,0,303,,559,54.20
350,262M,"Seventh Day Adventist Primary
School Thally Road Hosur
635109,South Facing Cement Sheet
Building Room No E-7",164,134,1,30,1,2,16,0,0,0,0,0,0,0,0,0,0,0,7,355,0,355,,554,64.08
351,"262A
(W)","Seventh day Adventist Primary
School, Thally Road, Hosur
635109,East Facing Western Wing
Cement Sheet Building Room No E-
15",161,156,3,22,0,1,14,0,0,0,0,0,1,0,0,0,1,0,6,365,0,365,,538,67.84
352,263,"Corporation Primary School,
Muthurayan Jeebi, Hosur
635109,East Facing North Portion
New Terraced Building",252,216,0,37,0,1,16,6,0,0,0,0,0,0,2,0,0,0,3,533,0,533,,795,67.04
353,264,"Seventh Day Adventist Primary
School Thally Road Hosur
635109,South Facing Room No E
10 Asbestoss Sheet Roof Building",191,195,1,24,1,1,41,4,0,0,0,2,0,0,1,1,0,0,11,473,0,473,,828,57.13
354,265M,"Sisya School,Thally Road,Hosur
635 109,North facing Terraced
Building Room No.4",213,206,1,66,0,0,19,5,0,0,0,0,0,0,0,1,0,0,4,515,0,515,,733,70.26
355,"265A
(W)","Sisya School,Thally Road,Hosur
635 109,North facing Terraced
Building Room No.5",215,210,1,32,0,0,15,4,0,0,0,0,0,1,0,0,0,0,2,480,0,480,,691,69.46
356,266M,"Corporation Primary School Chinna
Ealasagiri 635109,North Facing
East Wing Terraced Building Room
No-3",187,176,0,30,0,1,7,1,0,0,0,1,0,1,1,0,0,1,2,408,0,408,,729,55.97
357,"266A
(W)","Corporation Primary School Chinna
Elasagiri 635109,East Facing North
Wing Terraced Building",157,156,3,14,0,3,6,0,0,0,0,0,2,0,0,0,1,1,1,344,0,344,,591,58.21
358,267,"Mount Carmel Matric
Hr.Sec.School, Chinna Elasagiri-
635109,North facing North Portion
New Terraced Building Room
No.9A",176,197,1,31,0,0,26,0,1,1,0,0,1,0,4,4,0,0,2,444,0,444,,772,57.51
359,268M,"Corporation Primary School Chinna
Ealasagiri 635109,North Facing
East Wing Terraced Building Room
No-5",172,130,0,27,1,1,2,4,0,0,0,0,1,0,0,2,0,1,3,344,0,344,,595,57.82
360,"268A
(W)","Corporation Primary School Chinna
Ealasagiri 635109,East Facing
South Terraced Building",149,116,0,17,0,2,6,1,0,0,0,0,0,1,0,2,1,0,3,298,0,298,,504,59.13
361,269,"Mount Carmel Matric
Hr.Sec.School, Chinna Elasagiri-
635109,East facing West Wing
South Portion New Terraced
Building",167,247,0,32,0,1,12,1,0,0,0,0,7,0,2,2,3,0,2,476,0,476,,932,51.07
362,270,"Mount Carmel Matric
Hr.Sec.School, Chinna Elasagiri-
635109,East facing West Wing
South Portion New Terraced
Building",234,294,0,37,0,1,2,2,0,1,0,0,1,0,1,4,1,1,4,583,0,583,,719,81.08
363,271M,"Barathiyar Matric School
ChinnaEalasagiri 635109,North
Facing West Portion Second Room
Terraced Building",165,147,0,48,0,0,5,1,0,0,0,0,0,0,1,0,0,0,3,370,0,370,,646,57.28
364,"271A
(W)","Bharathiyar Matric School
ChinnaEalasagiri 635109,North
Facing East Portion Terraced
Building",176,124,0,24,0,0,11,0,0,0,0,0,0,0,0,0,0,0,1,336,0,336,,523,64.24
365,272,"Barathiyar Matric School
ChinnaEalasagiri 635109,North
Facing West Portion Third Room
Terraced Building",321,207,0,57,2,1,11,3,0,0,0,0,0,0,0,2,4,1,5,614,0,614,,966,63.56
366,273M,"Barathiyar Matric School
ChinnaEalasagiri 635109,North
Facing West Portion Fourth Room
Terraced Building",177,169,0,40,0,1,7,3,0,0,0,0,0,1,0,0,0,0,3,401,0,401,,691,58.03
367,"273A
(W)","Bharathiyar Matric School
ChinnaEalasagiri 635109,North
Facing East Second Portion
Terraced Building",192,162,1,18,0,0,9,2,0,0,0,0,0,0,1,1,2,1,2,391,0,391,,651,60.06
368,274M,"Barathiyar Matric School
ChinnaEalasagiri 635109,North
Facing Terraced Building Room No -
2",158,135,0,38,0,0,13,1,0,0,0,0,0,0,0,0,0,0,5,350,0,350,,587,59.63
369,"274A
(W)","Bharathiyar Matric School Chinna
Elasagiri 635109,North Facing East
Portion Terraced Building Room
No.4",144,132,0,15,0,0,18,2,0,0,0,0,0,0,0,1,0,0,2,314,0,314,,537,58.47
370,275M,"Mount Carmel Matric
Hr.Sec.School, Chinna Elasagiri-
635109,East facing West Wing
South Portion New Terraced
Building",189,141,1,29,0,1,33,5,0,0,0,0,0,0,0,0,0,1,7,407,0,407,,622,65.43
371,"275A
(W)","Mount Carmel Matric
Hr.Sec.School, Chinna Elasagiri-
635109,South facing West Wing
West Portion New Terraced
Building",167,137,0,24,0,1,17,1,0,0,0,0,0,0,0,0,1,0,3,351,0,351,,549,63.93
372,276,"Mount Carmel Matric
Hr.Sec.School, Chinna Elasagiri-
635109,East facing West Wing
South Portion New Terraced
Building",169,153,0,33,0,0,11,1,1,0,0,0,0,0,0,1,0,1,5,375,0,375,,526,71.29
373,277M,"Corporation Primary School,
Chinna Elasagiri 635109,North
Facing West Wing Terraced
Building",179,225,0,33,0,0,35,4,1,0,0,0,0,0,3,0,0,0,6,486,0,486,,737,65.94
374,"277A
(W)","Corporation Primary School Chinna
Ealasagiri 635109,North Facing
Terraced Building",152,245,0,29,0,1,45,1,4,0,0,0,0,0,1,0,0,1,3,482,0,482,,714,67.51
375,278M,"Mount Carmel Matric
Hr.Sec.School, Chinna Elasagiri-
635109,North facing North Portion
New Terraced Building Room No.1",207,206,0,55,0,5,23,4,3,0,0,0,0,0,0,0,0,0,7,510,0,510,,751,67.91
376,"278A
(W)","Mount Carmel Matric
Hr.Sec.School, Chinna Elasagiri-
635109,North facing North Portion
New Terraced Building Room No.2",200,165,1,39,0,6,24,1,2,0,0,0,0,1,0,1,0,0,6,446,0,446,,681,65.49
377,279,"Corporation Middle School
Bedarapalli 635109,North Facing
East PortionTerraced Building",170,236,1,31,0,0,7,4,0,0,0,0,1,0,1,1,1,0,1,454,0,454,,815,55.71
378,280,"Corporation Middle School
Bedarapalli 635109,North Facing
West Portion Terraced Building",202,254,0,46,1,0,3,0,0,0,1,1,0,0,1,2,1,3,6,521,0,521,,961,54.21
379,281,"Corporation Middle School ,
Bedrapalli - 635 109,East Facing
North Portion Terraced Building",252,310,2,50,0,0,5,2,0,0,0,0,1,0,0,0,1,1,6,630,0,630,,1041,60.52
380,282,"Corporation Middle School (New)
Bedrapalli - 635 109,North Facing
New Terraced Building",238,312,0,60,1,0,8,2,0,0,0,1,0,0,1,3,2,0,2,630,0,630,,1054,59.77
381,283,"Corporation Middle School
Bedarapalli 635 109,West Facing
North Portion Terraced Building",201,265,2,49,0,1,5,0,0,1,0,0,0,0,1,0,3,1,2,531,0,531,,984,53.96
382,284M,"Corporation Middle School (New)
Bedrapalli -635 109,North Facing
New Terraced Building",128,193,1,35,0,0,7,1,0,0,0,0,1,0,0,1,1,0,3,371,0,371,,672,55.21
383,"284A
(W)","Corporation Middle School (New)
Bedrapalli -635 109,West Facing
East Portion New Terraced
Building",150,166,2,9,0,0,3,0,0,0,0,0,0,0,0,3,1,0,1,335,0,335,,518,64.67
384,285M,"Corporation Primary School ,
Zuzuvadi 635126.,South Facing
CRC Terraced Building",223,198,0,48,0,1,23,5,1,1,0,0,0,0,2,0,0,0,3,505,0,505,,743,67.97
385,"285A
(W)","Corporation Primary School ,
Zuzuvadi 635126.,South Facing
West Portion CRC Terraced
Building",186,227,2,14,0,0,15,1,0,0,0,0,0,0,1,1,2,0,7,456,0,456,,671,67.96
386,286M,"Corporation Primary School ,
Zuzuvadi-635126,South Facing
Terraced Building East Portion
Room No.1",218,148,0,36,0,1,11,5,0,1,0,0,0,0,2,1,0,1,5,429,0,429,,670,64.03
387,"286A
(W)","Corporation Primary School ,
Zuzuvadi 635126,South Facing
Terraced Building West Portion",225,164,2,19,0,0,9,1,1,0,0,0,0,0,0,1,1,0,1,424,0,424,,664,63.86
388,287M,"Bethal Matric.School, Zuzuwadi,
Hosur 635 126,West facing east
wing Centre Portion Terraced
Building",219,280,0,51,0,0,17,1,0,0,1,0,1,0,0,0,0,0,8,578,0,578,,806,71.71
389,"287A
(W)","Bethal Matric.School, Zuzuwadi,
Hosur 635 126,West facing east
wing South Portion Terraced
Building",198,318,0,30,0,0,26,3,0,0,0,0,0,1,0,3,2,2,3,586,0,586,,800,73.25
390,288,"Corporation Primary School ,
Zuzuvadi - 635126,South Facing
Terraced Building Room No.3",231,317,0,17,0,0,7,1,0,0,0,0,0,0,2,0,1,1,6,583,0,583,,861,67.71
391,289,"Bethal Matric.School, Zuzuwadi,
Hosur 635 126,West Facing West
Wing Terraced Building",258,276,0,40,2,1,13,3,0,0,0,0,0,0,0,2,0,1,5,601,0,601,,955,62.93
392,290M,"Corporation Primary School ,
Zuzuvadi-635126,South Facing
New Terraced Building Room No.5",206,212,0,49,1,0,10,4,0,0,0,0,0,0,0,0,0,1,12,495,0,495,,788,62.82
393,"290A
(W)","Corporation Primary School ,
Zuzuvadi 635126,South Facing East
Portion New Terraced Building",159,188,1,30,0,0,16,1,0,0,0,0,0,0,0,0,1,1,3,400,0,400,,645,62.02
394,291,"Bethal Matric.School, Zuzuwadi,
Hosur 635 126,West Facing West
Wing Terraced Building",214,311,2,25,0,0,3,3,0,0,0,1,0,1,1,1,3,1,6,572,0,572,,989,57.84
395,292M,"Corporation Middle School ,
Mookondapalli - 635126,West
facing Centre Portion new Terraced
building",174,164,1,32,0,0,12,4,0,0,0,0,0,1,0,1,0,0,2,391,0,391,,676,57.84
396,"292A
(W)","Corporation Middle School ,
Mookondapalli - 635126,West
facing North Portion new Terraced
building",148,154,1,16,0,0,6,2,0,0,0,0,0,0,0,0,0,0,4,331,0,331,,575,57.57
397,293M,"Corporation Primary School ,
Mookondapalli - 635126,West
facing North Portion Terraced
building",185,166,0,23,0,0,4,2,0,0,0,0,0,0,0,0,1,0,4,385,0,385,,651,59.14
398,"293A
(W)","Corporation Primary School ,
Mookondapalli - 635126,West
facing North Portion Additional
Terraced building",177,138,0,19,0,0,7,0,0,0,1,0,0,1,1,1,3,0,2,350,0,350,,631,55.47
399,294,"Corporation Primary School ,
Mookondapalli-635126,West
Facing North Portion Terraced
Building",221,245,3,69,0,0,13,9,0,0,0,1,0,0,2,1,1,0,2,567,0,567,,1067,53.14
400,295,"Corporation Primary School ,
Mookondapalli-635126,North
Facing West Portion Terraced
Building",253,194,2,48,1,0,8,6,0,0,1,0,0,0,2,1,0,0,2,518,0,518,,913,56.74
401,296M,"Corporation Primary School ,
Mookondapalli-635126,West
Facing North Portion Terraced
Building",172,156,0,52,1,0,11,5,0,0,0,0,0,0,1,0,0,0,5,403,0,403,,764,52.75
402,"296A
(W)","Corporation Primary School ,
Mookondapalli - 635126,North
Facing Centre Portion
Addl.Terraced Building",161,152,0,15,2,1,13,4,0,0,0,1,0,0,0,2,2,0,5,358,0,358,,570,62.81
403,297,"Corporation Primary School ,
Mookondapalli 635126,West
Facing South Portion Terraced
Building",252,215,0,41,0,0,10,6,0,0,0,0,0,0,1,0,0,1,4,530,0,530,,1008,52.58
404,298M,"Corporation Primary School ,
Mookondapalli-635126,West
Facing South Portion Terraced
Building",167,146,0,39,0,0,12,5,0,0,0,0,0,0,0,0,1,1,6,377,0,377,,615,61.30
405,"298A
(W)","Corporation Primary School ,
Mookondapalli - 635126,West
Facing North Portion Terraced
Building",151,144,0,20,1,0,23,0,0,0,0,0,0,1,1,1,0,1,5,348,0,348,,552,63.04
406,299,"Corporation Primary School ,
Mookondapalli-635126,East Facing
North Portion Terraced Building",214,160,0,32,0,0,26,4,0,0,0,0,0,0,2,0,0,0,7,445,0,445,,907,49.06
407,300M,"Blossom Matriculation School,
M.M.Nagar, Mookandapalli, Hosur
635 126,East facing West portion
Centre Room Terraced Building",165,125,0,42,0,0,14,2,0,0,0,1,0,0,0,1,0,0,6,356,0,356,,793,44.89
408,"300A
(W)","Blossom Matriculation School,
M.M.Nagar, Mookandapalli, Hosur
635 126,East facing West portion
Library Room Terraced Building",176,135,0,33,0,0,10,2,0,0,0,1,0,0,0,1,0,0,2,360,0,360,,678,53.10
409,301,"Blossom Matriculation School,
M.M.Nagar, Mookandapalli, Hosur
635 126,South facing North Wing,
West portion Terraced Building",262,198,0,53,0,0,26,3,0,0,1,0,0,0,2,0,0,0,2,547,0,547,,1023,53.47
410,302,"Blossom Matriculation School,
M.M.Nagar, Mookandapalli, Hosur
635 126,West facing East Wing,
Centre Portion Terraced Building",195,221,0,27,0,0,15,1,0,0,0,0,0,0,0,0,2,0,4,465,0,465,,810,57.41
411,303,"Blossom Matriculation School,
M.M.Nagar, Mookandapalli, Hosur
635 126,West facing East Wing,
South Portion Terraced Building",210,208,0,76,3,0,23,3,1,0,0,0,0,0,2,0,1,0,6,533,0,533,,968,55.06
412,304,"Saint Joseph Matriculation School
Opp to Lal, Arasanatti
Mookandapalli 635 109,North
Facing Terraced Building West
Portion Room No.31-XII-D",214,220,0,34,1,0,30,0,0,0,0,1,0,1,1,0,0,0,6,508,0,508,,943,53.87
413,305M,"St Joseph Matriculation Hr Sec
School Lal Opp. Arasanatty
Mookondapalli-635126,North
Facing Terraced Building",196,185,0,41,0,0,25,0,0,0,0,0,0,0,1,0,0,0,5,453,0,453,,762,59.45
414,"305A
(W)","St Joseph Matriculation Hr Sec
School Lal Opp. Arasanatty
Mookondapalli-635126,North
Facing East Portion Terraced
Building",200,160,2,21,0,1,32,0,0,0,0,0,0,1,2,1,0,1,8,429,0,429,,724,59.25
415,306M,"St Joseph Matriculation Hr Sec
School Lal Opp Arasanatty
Mookondapalli-635126,North
Facing Terraced Building",188,150,1,43,0,0,8,2,0,0,0,1,0,0,1,0,2,0,4,400,0,400,,627,63.80
416,"306A
(W)","St Joseph Matriculation Hr Sec
School Lal Opp Arasanatty
Mookondapalli-635126,South
Facing Terraced Building",207,157,1,16,0,1,8,2,0,0,0,0,0,0,0,0,1,0,1,394,0,394,,578,68.17
417,307M,"St Joseph Matriculation Hr Sec
School Lal Opp Arasanatty
Mookondapalli-635126,South
Facing Terraced Building",229,180,0,49,0,0,50,3,0,0,0,0,0,0,2,0,0,0,3,516,0,516,,797,64.74
418,"307A
(W)","St Joseph Matriculation Hr Sec
School Lal Opp Arasanatty
Mookondapalli-635126,South
Facing Terraced West Portion
Building",227,179,0,21,0,0,44,3,0,0,0,0,1,1,0,0,0,0,5,481,0,481,,769,62.55
419,308M,"Corporation Middle
School,Bharathiyar Nagar,
Arasanatti-635126,North Facing
East Portion Additional Terraced
Building",178,146,2,46,0,2,16,1,0,0,0,0,0,1,0,0,0,2,8,402,0,402,,647,62.13
420,"308A
(W)","Corporation Middle
School,Bharathiyar Nagar,
Arasanatti-635126,North Facing
West Portion Additional Terraced
Building",190,119,3,20,0,0,20,1,0,0,0,0,0,1,0,2,2,0,5,363,0,363,,576,63.02
421,309M,"Corporation Middle
School,Bharathiyar Nagar,
Arasanatti-635126,East Facing
West Wing South Portion Terraced
Building",202,172,1,33,0,0,25,0,0,0,0,0,0,0,0,0,0,0,2,435,0,435,,695,62.59
422,"309A
(W)","Corporation Middle
School,Bharathiyar Nagar,
Arasanatti-635126,East Facing
West Wing North Portion Terraced
Building",200,136,0,18,0,2,27,1,0,0,0,0,0,0,0,0,0,0,6,390,0,390,,655,59.54
423,310M,"Corporation Middle School ,
Bharathiyar Nagar, Arasanatti-
635126,South Facing Centre
Portion Terraced Building",190,205,1,46,0,0,26,0,0,0,0,0,0,0,0,1,0,0,9,478,0,478,,675,70.81
424,"310A
(W)","Corporation Middle
School,Bharathiyar Nagar,
Arasanatti-635126,South Facing
East Portion Terraced Building",212,195,1,18,0,1,31,2,0,0,0,0,0,0,0,0,0,0,6,466,0,466,,660,70.61
425,311M,"Corporation Primary School
Arasanatty-635126,North Facing
East Wing Cement Sheet Building",194,203,0,36,0,0,6,1,0,0,0,0,0,0,0,1,0,0,5,446,0,446,,654,68.20
426,"311A
(W)","Corporation Primary School
Arasanatty-635126,North Facing
East Wing West Portion Cement
Sheet Building",196,200,3,16,0,0,10,1,1,0,0,1,1,0,1,1,1,1,5,438,0,438,,645,67.91
427,312M,"Corporation Middle
School,Bharathiyar Nagar,
Arasanatti-635126,East Facing
West Wing South Portion Terraced
Building",234,202,0,49,1,0,16,2,0,0,0,0,0,0,1,0,0,0,4,509,0,509,,720,70.69
428,"312A
(W)","Corporation Middle
School,Bharathiyar Nagar,
Arasanatti-635126,East Facing
West Wing North Portion Terraced
Building",223,199,0,27,0,1,20,0,0,0,0,0,0,3,1,0,0,0,2,476,0,476,,696,68.39
429,313,"St Joseph Matric Hr Sec School
(Primary School) Dharga
Mookondapalli 635 126,West
Facing North Wing Terraced
Bulilding (Primary Section) Room
No 1 C",159,165,0,26,0,0,17,1,0,0,0,0,0,0,0,0,1,1,4,374,0,374,,668,55.99
430,314M,"St Joseph Matric Hr Sec School
Dharga (Primary Section)
Mookondapalli 635 126,West
Facing Centre Portion Terraced
Bulilding (Primary Section)",144,166,0,17,0,0,21,3,0,0,0,0,0,0,0,0,2,0,7,360,0,360,,609,59.11
431,"314A
(W)","St Joseph Matric Hr Sec School
Dharga (Primary Section)
Mookondapalli 635 126,East Facing
West Wing New Terraced Bulilding
(Primary Section)",130,149,1,16,1,0,43,1,0,0,0,0,0,0,1,0,1,1,7,351,0,351,,611,57.45
432,315,"St Joseph Matric Hr Sec School
Dharga (Primary Section)
Mookondapalli 635 126,West
Facing South Wing Terraced
Building Room No 1 E",238,177,1,37,0,0,21,1,1,0,0,0,0,0,1,0,0,0,2,479,0,479,,743,64.47
433,316,"Corporation Primary School,
Motham Agraharam-635126,North
Facing Terraced Building East
Portion",221,278,0,35,1,1,46,3,0,0,0,1,0,0,2,0,0,2,7,597,0,597,,822,72.63
434,317,"Corporation Primary School,
Motham Agraharam-635126,North
Facing Terraced Building West
Portion",301,289,1,57,0,0,48,3,0,0,1,0,0,0,0,4,2,0,11,717,0,717,,1023,70.09
435,318M,"Government High School,
Mookandapalli (Motham
Agraharam)-635126.,West Facing
North wing Terraced Building
Room No.1",206,196,0,47,0,0,36,4,0,0,0,1,0,0,0,0,0,0,4,494,0,494,,678,72.86
436,"318A
(W)","Government High School,
Mookandapalli (Motham
Agraharam)-635126.,West Facing
North wing Terraced Building",185,168,1,31,0,0,36,2,0,0,0,0,0,0,0,1,1,0,5,430,0,430,,621,69.24
437,319M,"Government High School,
Mookandapalli (Motham
Agraharam)-635126.,West Facing
South Wing Terraced Building
Room No.2",214,235,0,47,0,1,32,3,0,0,0,0,0,0,1,0,0,0,9,542,0,542,,733,73.94
438,"319A
(W)","Government High School,
Mookandapalli (Motham
Agraharam)-635126.,West Facing
South Wing Terraced Building",190,193,0,33,0,0,46,1,0,0,1,0,0,0,0,0,3,1,2,470,0,470,,690,68.12
439,320,"Government High School,
Mookandapalli (Motham
Agraharam)-635126.,North Facing
AC Sheet Building",178,161,0,25,0,0,26,2,0,0,0,0,0,0,1,0,0,0,8,401,0,401,,587,68.31
440,321M,"Corporation Primary School,
Motham Agraharam-635126,North
Facing Terraced Building",286,272,1,33,1,0,19,5,0,0,0,0,0,0,0,1,1,2,5,626,0,626,,795,78.74
441,"321A
(W)","Corporation Primary School,
Motham Agraharam-635126,North
Facing East Portion Terraced
Building",270,273,3,8,1,0,15,1,1,0,1,0,0,0,2,1,3,0,0,579,0,579,,758,76.39
442,322M,"Corporation Primary School
Kothur - 635126,East Facing South
portion Terraced Building",154,293,0,15,0,0,5,0,0,0,0,0,0,0,0,0,0,1,2,470,0,470,,553,84.99
443,"322A
(W)","Corporation Primary School
Kothur - 635126,East Facing North
portion Terraced Building",123,310,2,13,2,0,3,0,0,0,0,0,0,0,0,1,0,1,1,456,0,456,,555,82.16
444,323,"Panchayat Union Middle School
(Tamil), Kothakondapalli-
635126,East Facing South portion
Terraced Building",415,231,1,20,0,1,9,0,0,1,0,0,0,0,1,4,4,0,6,693,0,693,,853,81.24
445,324,"Panchayat Union Middle School
,(Tamil) Kothakondapalli 635
126,East Facing Terraced Building
North Portion",383,217,2,12,1,0,5,0,0,0,0,0,0,0,1,2,6,0,3,632,0,632,,800,79.00
446,325,"Panchayat Union Primary School ,
(Telugu) Kothagondapalli 635
126,South Facing Mangalore Tiled
Building",253,93,0,13,0,0,3,2,0,1,0,0,1,1,0,2,1,0,1,371,0,371,,564,65.78
447,326M,"Panchayat Union Middle
School,(Telugu) Bommandapalli
635 126,East Facing Mangalore
Tiled Building",214,191,1,24,0,0,6,1,0,0,0,0,0,1,0,0,0,3,0,441,0,441,,529,83.36
448,"326A
(W)","Panchayat Union Middle
School,(Telugu) Bommandapalli
635 126,South Facing West Portion
Mangalore Tiled Building",214,213,4,11,1,0,3,1,0,1,0,1,1,2,1,1,4,1,4,463,0,463,,581,79.69
449,327M,"Panchayat Union Middle
School,(Telugu) Bommandapalli
635 126,East Facing North Portion
Mangalore Tiled Building",209,228,1,19,0,0,5,0,0,0,0,0,0,0,0,0,0,0,4,466,0,466,,613,76.02
450,"327A
(W)","Panchayat Union Middle
School,(Telugu) Bommandapalli
635 126,South Facing East Portion
Mangalore Tiled Building",222,203,4,14,1,0,4,1,0,0,0,1,1,0,2,5,0,0,1,459,0,459,,575,79.83
451,328,"Corporation Primary School,
Karnoor -635110,West Facing
South Portion Terraced Building",214,492,3,39,0,1,2,2,0,2,1,0,0,0,3,5,4,0,3,771,0,771,,926,83.26
452,329M,"Govt, High School, Anthivadi -
635110,North Facing East Portion
Terraced Building",201,181,0,27,0,0,8,4,0,0,0,0,0,0,0,0,1,0,3,425,0,425,,576,73.78
453,"329A
(W)","Govt, High School, Anthivadi -
635110,North Facing West Portion
Terraced Building",205,178,1,18,0,0,6,1,0,1,0,0,0,1,0,4,0,3,2,420,0,420,,569,73.81
454,330,"Govt, High School, Anthivadi -
635110,North Facing West Portion
Terraced Building",228,303,1,31,1,0,4,0,0,0,1,0,1,0,1,1,0,0,3,575,0,575,,731,78.66
455,331M,"Corporation Primary School,
Andhivadi-635110,West Facing
North Portion New Terraced
Building",227,235,1,38,0,0,37,7,0,0,0,0,0,0,0,0,0,0,9,554,0,554,,808,68.56
456,"331A
(W)","Corporation Primary School,
Andhivadi-635110,West Facing
South Portion New Terraced
Building",223,223,0,25,0,0,33,4,0,1,0,0,0,0,1,2,2,1,6,521,0,521,,760,68.55
457,332M,"Corporation Primary School,
Andhivadi-635110,West Facing
Centre Portion New Terraced
Building",148,249,0,29,0,0,37,2,0,0,0,0,0,0,0,0,0,0,5,470,0,470,,648,72.53
458,"332A
(W)","Corporation Primary School,
Andhivadi-635110,West Facing
South Portion New Terraced
Building",125,248,0,16,0,0,41,1,0,0,0,0,0,0,0,0,0,0,7,438,0,438,,678,64.60
459,333,"Corporation Primary School,
Andhivadi-635110,West Facing
South Portion Terraced Building",197,215,0,35,0,0,34,0,0,1,0,0,1,1,0,0,0,0,2,486,0,486,,801,60.67
460,334,"Corporation Primary School,
Midigiripalli-635110,East Facing
Terraced Building",266,433,0,30,0,0,10,4,1,0,0,1,0,0,3,2,1,3,6,760,0,760,,963,78.92
461,335M,"Corporation Primary School,
Midigiripalli-635110,North Facing
West Portion Terraced Building",186,223,0,29,0,0,14,1,0,0,0,0,0,0,1,0,1,1,4,460,0,460,,709,64.88
462,"335A
(W)","Corporation Primary School,
Midigiripalli-635110,East Facing
Terraced Building",188,190,1,17,0,0,17,4,0,0,0,0,0,0,0,1,2,2,4,426,0,426,,678,62.83
463,336,"Corporation Primary School,
(Kannada) Midigiripalli-
635110,North Facing East Portion
Terraced Building",216,177,1,21,0,0,21,5,0,0,0,0,0,0,1,0,1,0,7,450,0,450,,622,72.35
464,337,"Govt. High School, Mathigiri
635110,North Facing West Wing
New Terraced Building Room No 1",459,174,0,54,1,0,6,4,0,0,0,2,1,0,0,0,2,0,6,709,0,709,,967,73.32
465,338,"Corporation Primary School (Tamil
and Telugu) Mathigiri-
635110,West Facing South Portion
Terraced Building",220,382,0,25,1,1,22,1,0,0,0,0,0,0,4,1,1,1,5,664,0,664,,933,71.17
466,339,"Corporation Primary School (Tamil
and Telugu) Mathigiri-
635110,West Facing South Portion
Terraced Building",287,305,2,35,0,0,16,0,0,0,0,0,0,0,0,4,3,1,4,657,0,657,,896,73.33
467,340M,"Corporation Primary School (Tamil
and Telugu) Mathigiri-
635110,West Facing North Portion
Terraced Building",227,201,1,37,0,0,15,1,0,0,0,0,0,0,2,0,0,0,3,487,0,487,,700,69.57
468,"340A
(W)","Corporation Primary School (Tamil
and Telugu) Mathigiri-
635110,West Facing South Portion
Terraced Building",246,198,0,16,1,0,10,0,1,1,0,2,0,0,1,2,1,2,4,485,0,485,,677,71.64
469,341M,"Corporation Primary School,
Kurupatti - 635110,South Facing
West Portion Terraced Building",293,243,1,13,0,0,2,3,0,0,1,0,0,0,0,1,1,1,2,561,0,561,,689,81.42
470,"341A
(W)","Corporation Primary School,
Kurupatti - 635110,West Facing
New Terraced Building",280,245,2,12,0,1,7,1,0,1,0,0,1,1,1,6,4,5,3,570,0,570,,708,80.51
471,342M,"Corporation Primary School
Kurubatti- 635110,South Facing
East Portion Terraced Building",166,224,0,29,0,0,56,3,0,0,0,0,0,0,0,0,0,0,7,485,0,485,,655,74.05
472,"342A
(W)","Corporation Primary School,
Kurupatti - 635110,North Facing
East Portion Terraced Building",162,211,0,27,0,0,47,1,0,0,0,0,0,0,0,0,0,0,12,460,0,460,,665,69.17
473,343,"Corporation Primary School,
Kurupatti -635110,South Facing
West Portion Terraced Building",258,268,1,37,1,0,59,2,0,0,0,0,0,0,0,1,0,0,11,638,0,638,,898,71.05
474,344M,"Govt. High School, Mathigiri
635110,North Facing West Wing
New Terraced Building Room No 2",170,200,1,11,0,0,3,3,0,0,0,0,0,0,2,0,2,0,2,394,0,394,,537,73.37
475,"344A
(W)","Govt. High School, Mathigiri
635110,North Facing West Wing
New Terraced Building Room No 3",177,204,0,6,1,0,5,1,0,0,0,0,0,0,0,1,1,0,2,398,0,398,,590,67.46
476,345,"Govt. High School, Mathigiri
635110,North Facing West Wing
New Terraced Building Room No 4",307,215,3,26,0,0,7,6,0,0,0,1,2,0,1,2,7,3,3,583,0,583,,785,74.27
477,346,"Corporation Middle School ,
(Urudu) Mathigiri-635110,West
Facing Mangalore Tiled Building",450,134,0,9,2,0,7,7,0,0,0,0,0,0,0,1,2,1,0,613,0,613,,845,72.54
478,347,"Corporation Middle School ,
(Urudu) Mathigiri -635110,South
Facing Terraced Building",458,181,4,9,0,1,0,2,0,0,0,0,0,0,1,0,3,0,2,661,0,661,,841,78.60
479,348,"Panchayat Union Middle School,
Poonapalli 635 110,East Facing
South Portion Terraced Building",189,257,1,7,1,0,3,0,0,0,0,2,1,1,2,1,1,1,2,469,0,469,,587,79.90
480,349,"Panchayat Union Middle
School,Poonapalli 635 110,East
Facing North Portion Terraced
Building",287,469,4,12,0,0,1,0,0,0,0,0,0,1,0,2,0,0,1,777,0,777,,881,88.20
481,350,"Panchayat Union Middle School,
Poonapalli 635110,South Facing
East Portion Terraced Buildng",347,404,2,9,0,2,1,1,0,0,0,0,0,1,2,2,8,8,5,792,0,792,,943,83.99
482,351,"Panchayat Union Middle School,
Nagondapalli 635110,North Facing
Terraced Building East Wing",580,176,2,11,1,1,4,1,0,0,0,0,0,0,0,4,0,1,3,784,0,784,,948,82.70
483,352,"Panchayat Union Primary School ,
Edayanullur - 635110,East Facing
South Wing Terraced Building",455,177,1,25,1,0,6,1,0,0,0,1,0,0,1,5,3,1,6,683,0,683,,818,83.50
484,353,"Panchayat Union Primary School ,
Edayanullur 635110,East Facing
North Portion Terraced Building",348,155,1,28,0,0,7,0,1,0,0,1,0,0,1,3,6,3,4,558,0,558,,697,80.06
485,354M,"Panchayat Union Primary School ,
Edapalli - 635 110,South Facing
Tiled Building",305,254,2,28,0,0,7,0,0,0,0,0,0,0,0,1,0,0,2,599,0,599,,709,84.49
486,"354A
(W)","Anganwadi Centre, Edapalli - 635
110,West Facing Asbestos Sheet
Building",260,260,2,15,0,0,2,1,0,0,1,0,1,0,1,3,4,4,2,556,0,556,,684,81.29
487,355M,"Panchayat Union Middle School
Achettipalli 635110,East Facing
Terraced Building",247,190,0,27,0,0,5,3,0,0,0,0,0,0,1,1,1,0,2,477,0,477,,560,85.18
488,"355A
(W)","Panchayat Union Middle School
Achettipalli 635110,West Facing
Terraced Building",218,216,4,9,1,1,5,2,0,0,0,1,0,1,0,3,1,1,3,466,0,466,,551,84.57
489,356,"Panchayat Union Middle School
Achettipalli 635110,South Facing
Terraced Bulding",428,322,0,8,0,0,3,0,0,1,0,2,0,0,0,6,9,4,4,787,0,787,,901,87.35
490,357,"Panchayat Union Primary
School,Somanathapuram-
635110,South Facing West Wing
Terraced Building",170,194,0,22,0,0,5,0,0,0,0,0,0,0,2,1,0,3,3,400,0,400,,500,80.00
491,358M,"Panchayat Union Middle School
Gopanapalli 635 110,North Facing
West Portion Mangalore Tiled
Bulilding",210,265,5,11,0,1,1,2,0,0,0,1,0,0,3,3,1,1,6,510,0,510,,583,87.48
492,"358A
(W)","Panchayat Union Middle School
Gopanapalli 635 110,North Facing
East Portion Mangalore Tiled
Bulilding",164,254,4,3,0,0,0,0,1,0,0,0,1,2,6,2,6,2,4,449,0,449,,560,80.18
493,359M,"Panchayat Union Primary School ,
Muthuganapalli 635 110,East
facing, North portion, Terraced
building",213,231,3,8,0,0,0,0,0,0,0,2,0,0,0,2,2,2,2,465,0,465,,554,83.94
494,"359A
(W)","Panchayat Union Primary School ,
Muthuganapalli 635 110,East
facing, South portion, Terraced
building",189,273,1,2,0,0,4,1,0,0,0,0,0,0,1,4,6,9,3,493,0,493,,641,76.91
495,360,"Panchayat Union Primary School ,
Pyarakapallii 635 110,South facing,
East Portion Terraced building",207,329,2,5,0,0,0,0,0,0,0,0,0,0,0,4,5,1,2,555,0,555,,642,86.45
496,361,"Panchayat Union Primary School
MugasiBaranthoor - 635 110,East
facing, Terraced building",317,404,6,8,0,0,1,0,0,0,2,0,0,0,0,3,1,2,7,751,0,751,,946,79.39
497,362,"Panchayat Union Primary School
Beegisettipalli - 635 110,South
Facing East Portion",87,224,1,0,0,0,0,0,0,0,1,0,0,1,0,0,0,1,0,315,0,315,,340,92.65
498,363M,"Govt. Hr. Sec. School,
Masinayakanapalli at Mugalur - 635
110,South Facing Centre Portion
Terraced Building",245,240,2,16,0,0,1,0,0,0,0,1,0,0,0,1,1,0,2,509,0,509,,566,89.93
499,"363A
(W)","Govt. Hr. Sec. School,
Masinayakanapalli at Mugalur - 635
110,South Facing East Portion
Terraced Building",211,229,1,8,0,0,0,0,0,0,0,0,0,1,2,3,3,4,0,462,0,462,,533,86.68
500,364M,"Panchayat Union Middle School ,
Mugalur 635110,East Facing
Centre Portion Terraced Building",246,212,1,8,1,0,0,1,0,0,0,0,0,0,0,2,0,0,2,473,0,473,,532,88.91
501,"364A
(W)","Panchayat Union Middle School ,
Mugalur 635110,East Facing North
Portion Terraced Building",211,212,1,2,0,1,0,0,0,0,0,1,0,1,0,7,3,4,0,443,0,443,,529,83.74
502,365,"Panchayat Union Primary School
Panchakshipuram-635110,South
Facing East Wing Terraced
Building",351,434,1,1,0,0,0,0,0,0,1,0,0,1,2,0,4,0,3,798,0,798,,920,86.74
503,366,"Panchayat Union Primary School
Masinaickanapalli 635110,West
Facing South Portion Terraced
Building",347,285,0,2,0,1,0,3,0,0,0,0,0,1,1,1,7,6,0,654,0,654,,716,91.34
