Sl. No,Polling Station No,M K. n. a h o m a r d n a h C s s e r g n o C,LARENEG T n. a v u utt g n e S a r et n n u,S emaN S n. a v l e s l i m a T y rt a P aj m,eht a ull n e e m A n e e E m s sli hi ajli u c M,OT LIMAT srotcelE S K. r. a m u k i s a S a r a et m n m n u A,V ri. a d n a r r a mil,UDAN K R. r. a k n a h s vi a R hi d e,EVITALSIGEL T ni. a m a r h ut R gi al a hi y k hi k,TRAP R r. a m u k a y a ij V s s al o d k a r,I IRIGANHSIRK hi d n a G S V T nt,M n. a s e r a m u K nt,M . h at n i p o G nt,K i. h kt a S nt,C . n a v Si nt,E V O B A E H T F O E N O N,s e ot v d ali v al ot T,s e ot V d e ct e ej r o. N,al ot T,s e ot v d e r e d n e t o. N,s r o ct e El al ot T,s e ot v e g a nt e s r e P,Total Valid Votes,Rejected Votes
1,1M,"Govt.Hr.Sec. School, Gurubarapalli -
635 115,East facing Terraced building",195,0,193,1,0,0,30,7,0,0,0,0,0,1,1,7,435,0,435,,531,81.92
2,1A(W),"Govt.Hr.Sec. School, Gurubarapalli -
635 115,,West Facing Terraced
building",210,3,209,3,0,0,16,4,1,1,1,0,1,2,0,7,458,0,458,,570,80.35
3,2,"Panchayat Union Primary School,
Kakkanpuram-635 115,,East Facing
South Wing Terraced Building",308,2,298,3,1,0,50,1,0,6,1,0,6,8,0,9,693,0,693,,832,83.29
4,3M,"Panchayat Union Primary School,
Somanathapuram-635 115,North
Facing East Wing Terraced Building",36,0,426,1,5,0,8,1,0,0,0,0,1,2,0,0,480,0,480,,621,77.29
5,3A(W),"Panchayat Union Primary School
Somanathapuram -635 115,East
Facing Terraced building",29,1,449,6,3,0,2,0,0,0,0,2,0,3,0,1,496,0,496,,609,81.44
6,4,"Panchayat Union Primary School,
Bodarpalli -635 115 ,,East Facing
North Wing Terraced Building",114,3,140,0,0,0,29,1,0,0,0,0,0,1,0,3,291,0,291,,357,81.51
7,5,"Panchayat Union Primary School,
Maniyandapalli - 635 115 ,,South
Facing East Wing Terraced building",264,7,310,0,1,1,29,6,0,5,0,1,2,3,0,5,634,0,634,,792,80.05
8,6,"Panchayat Union Primary School,
Sikkarimedu - 635 115 ,,East Facing
North Wing Terraced Building",296,7,185,3,1,1,40,2,0,2,0,0,1,1,2,2,543,0,543,,638,85.11
9,7,"Panchayat Union Primary School ,
Pichukondabethanapalli - 635 115
,,East Facing North Terraced Building",391,3,394,0,1,0,37,2,0,0,0,0,3,3,0,5,839,0,839,,1002,83.73
10,8,"Panchayat Union Primary School ,
Pichukondabethanapalli - 635 115
,,West Facing Terraced building",416,4,360,1,2,0,38,8,1,1,0,0,0,5,0,7,843,0,843,,1001,84.22
11,9,"Panchayat Union Primary School,
Ombaalakattu -635 122 ,,North Facing
Tiled Building",241,3,217,2,10,0,15,1,1,0,1,1,1,3,2,7,505,0,505,,589,85.74
12,10M,"Panchayat Union Primary School,
Ammaneri -635 122 ,,West Facing
Terraced Building",237,2,171,3,2,2,25,0,0,0,0,0,0,0,0,3,445,0,445,,557,79.89
13,10A(W),"Panchayat Union Primary School,
Ammaneri -635 122 ,,West Facing
North Wing terraced Building",257,8,183,0,0,2,8,2,0,1,0,0,2,1,2,4,470,0,470,,588,79.93
14,11,"Panchayat Union Middle School,
Bandarapalli - 635 121,,North Facing
Terraced Building",429,8,351,4,1,1,56,8,0,7,1,0,1,3,0,12,882,0,882,,1017,86.73
15,12,"Panchayat Union Middle School,
Bandarapalli - 635 121 ,,South Facing
Terraced Building",413,0,242,3,1,0,29,2,0,0,1,0,3,10,2,13,719,0,719,,812,88.55
16,13,"Panchayat Union Primary School,
Jinjupalli - 635 115 ,,East Facing North
Wing Terraced Building",183,1,313,0,0,0,33,2,1,0,1,1,2,8,1,2,548,0,548,,634,86.44
17,14,"Panchayat Union Primary School ,
Thippanapalli - 635 115 ,,East Facing
Terraced Building",313,3,309,2,0,0,78,6,0,0,3,1,1,0,0,5,721,0,721,,933,77.28
18,15,"Panchayat Union Middle School,
Dhasirapalli- 635 115 ,,West Facing
Terraced Building Centre Wing",461,8,218,1,1,0,45,6,1,1,2,0,2,1,0,10,757,0,757,,910,83.19
19,16,"Panchayat Union Primary School,
Gummanoor- 635 115 ,,East Facing
North Wing Terraced Building",346,5,191,1,5,0,64,2,0,0,0,0,0,2,2,4,622,0,622,,717,86.75
20,17M,"Govt. High School, Jagir Venkatapuram
- 635 001 ,,East Facing North Wing
Terraced Building",173,2,151,3,8,0,39,9,0,0,0,0,2,0,0,3,390,0,390,,536,72.76
21,17A(W),"Govt. High School, Jagir Venkatapuram
- 635 001,,East Facing South Wing
Terraced Building",219,1,145,0,2,0,25,15,2,0,1,0,1,1,2,4,418,0,418,,597,70.02
22,18,"Govt. High School, Jagir Venkatapuram
- 635 001 ,,,East Facing South Wing
Terraced Building",187,1,312,1,3,0,36,20,0,0,0,0,2,0,0,5,567,0,567,,835,67.90
23,19M,"Govt. High School, Jagir Venkatapuram
- 635 001 ,,East Facing Centre
Terraced Building",183,1,240,0,2,0,42,35,0,2,1,0,0,0,0,6,512,0,512,,709,72.21
24,19A(W),"Govt. High School, Jagir Venkatapuram
- 635 001,,East Facing North Wing
Terraced Building",188,4,269,1,0,0,13,24,0,0,0,0,0,0,0,1,500,0,500,,725,68.97
25,20,"Anganvadi Maiyam, Line Kollai, -635
001,North Facing West Wing Terraced
Building",348,4,90,1,0,0,23,3,0,0,0,0,0,1,1,4,475,0,475,,560,84.82
26,21M,"Panchayat Union Middle School, K.A.
Nagar Dharga Kothapetai - 635
001,East Facing South Wing Terraced
Building",117,1,204,0,5,0,24,3,0,0,0,0,0,0,0,2,356,0,356,,534,66.67
27,21A(W),"Panchayat Union Middle School, K.A.
Nagar Dharga Kothapetai - 635
001,,East Facing North Wing Terraced
Building",146,0,210,2,0,0,11,2,0,1,0,1,2,1,0,1,377,0,377,,553,68.17
28,22M,"Panchayat Union Primary School,
Paiyanapalli 635001,North Facing
Terraced Building",190,0,159,0,1,0,44,2,1,0,1,0,0,0,1,3,402,0,402,,513,78.36
29,22A(W),"Panchayat Union Primary School
Paiyanapalli 635001,,North Facing
East Wing Terraced Building",243,1,173,0,1,0,22,2,0,0,0,0,0,1,0,6,449,0,449,,563,79.75
30,23,"Panchayat Union Primary School
Paiyanapalli 635001,East Facing
South Wing Terraced Building",356,4,237,2,0,0,49,6,0,0,0,1,1,0,1,5,662,0,662,,853,77.61
31,24,"Panchayat Union Middle School,
Kallukurukki - 635 001,East Facing
Terraced building",270,2,257,1,1,1,67,8,0,0,0,0,0,2,1,4,614,0,614,,749,81.98
32,25,"Panchayat Union Middle School,
Kallukurukki - 635 001,West Facing
Terraced Building",338,2,184,1,0,0,81,10,2,1,0,0,0,0,0,5,624,0,624,,758,82.32
33,26,"Panchayat Union Primary School,
Chinnamelupalli - 635 001,South
Facing West wing Terraced Building",227,2,124,0,0,0,38,5,0,0,0,0,0,0,1,6,403,0,403,,557,72.35
34,27,"Panchayat Union Primary School,
Chinnamelupalli - 635 001,North
Facing Terraced Building",440,3,254,1,0,1,67,6,0,0,0,0,0,2,2,9,785,0,785,,960,81.77
35,28,"Panchayat Union Primary School ,
Chinnamelupalli - 635 001,North
Facing West wing Terraced Building",267,1,101,0,0,1,47,9,0,0,0,1,0,0,2,2,431,0,431,,527,81.78
36,29,"Panchayat Union Primary School,
Kothapetai - 635 001,East Facing
North wing Terraced Building",306,1,256,0,1,0,31,5,0,0,0,0,0,0,0,9,609,0,609,,732,83.20
37,30,"Panchayat Union Primary School,
Kothapetta - 635001,East Facing
South wing Terraced Building",194,1,129,1,0,0,22,5,1,0,0,0,0,4,0,1,358,0,358,,485,73.81
38,31,"Govt High School Kammapalli
635120,South Facing West Wing
Terraced Building",254,5,181,1,0,0,48,10,1,0,0,0,1,1,1,7,510,0,510,,692,73.70
39,32,"Govt. High School, Kammampalli
635120 ,,South Facing East Wing
Terraced Building",455,3,232,3,1,0,51,4,0,2,0,0,2,3,0,5,761,0,761,,945,80.53
40,33,"Panchayat Union Middle School
Gollahalli- 635 120 ,,West Facing
South wing Terraced Building",432,11,331,3,0,3,51,2,0,2,0,0,0,1,2,5,843,0,843,,1022,82.49
41,34,"Panchayat Union Middle School
Gollahalli- 635 120,South Facing West
wing Terraced Building",157,2,204,0,1,0,22,1,0,0,0,0,2,2,0,4,395,0,395,,476,82.98
42,35,"Panchayat Union Primary School,
Elumichangiri - 635 120,West Facing
South Wing Terraced Building",443,5,293,2,2,2,30,12,1,2,1,0,1,1,0,7,802,0,802,,1009,79.48
43,36,"Panchayat Union Primary School,
Mallinayanapalli - 635 120,North
Facing East Wing Terraced Building",300,7,290,5,0,1,61,6,0,0,0,0,2,2,2,3,679,0,679,,1049,64.73
44,37M,"Panchayat Union Primary School,
Kattinayanapalli 635001 ,,North
Facing East Wing Terraced Building",142,0,202,1,2,0,54,11,0,0,1,0,0,1,0,1,415,0,415,,513,80.90
45,37A(W),"Panchayat Union Primary School
Kattinayanapalli 635001,,West Facing
Terraced Building",145,0,257,1,0,1,20,13,0,0,0,0,0,0,0,2,439,0,439,,544,80.70
46,38,"Panchayat Union Primary School
Kattinayanapalli 635001,,North Facing
West Wing Terraced Building",249,2,392,2,2,0,49,4,0,0,0,0,1,6,2,4,713,0,713,,958,74.43
47,39,"Panchayat Union Primary School,
K.Poosaripatti - 635 001,,South Facing
East Wing Terraced Building",414,3,292,2,2,1,38,4,1,0,0,0,0,2,1,10,770,0,770,,869,88.61
48,40,"Panchayat Union Primary School,
K.Poosaripatti - 635 001 ,,North
Facing East Wing Terraced Building",186,4,146,1,0,1,21,4,0,0,0,0,1,0,0,5,369,0,369,,418,88.28
49,41,"Panchayat Union Primary School
Melkaradikuri 635001 ,,North Facing
West Wing Terraced Building",305,3,343,0,2,0,39,0,0,2,0,1,0,5,0,11,711,0,711,,848,83.84
50,42,"Panchayat Union Primary School,
Melkaradikuri 635001 ,,North Facing
East Wing Terraced Building",208,2,206,2,0,1,60,4,1,0,0,0,0,1,1,3,489,0,489,,670,72.99
51,43,"Panchayat Union Middle School,
Boganapalli - 635 001 ,,North Facing
East wing Terraced Building",366,5,353,1,2,1,43,7,0,1,0,0,0,2,0,2,783,0,783,,890,87.98
52,44,"Panchayat Union Middle School,
Boganapalli 635 001 ,,North Facing
Terracedd Building",336,1,265,1,2,0,39,16,0,1,0,1,1,1,0,6,670,0,670,,935,71.66
53,45,"Panchayat Union Middle School,
Boganapalli 635 001,,South Facing
East wing Terraced Building",240,3,75,1,0,0,17,6,0,0,0,0,0,1,0,3,346,0,346,,503,68.79
54,46,"Panchayat Union Middle School,
Boganapalli 635 001 ,,South Facing
East wing Terraced Building",267,2,321,2,2,0,47,20,0,0,0,0,0,2,0,5,668,0,668,,931,71.75
55,47,"Panchayat Union Middle School,
Boganapalli 635 001 ,,West Facing
North Wing Terraced Building",375,2,152,0,1,1,59,16,0,0,0,0,0,0,2,8,616,0,616,,904,68.14
56,48,"Panchayat Union Middle School,
Boganapalli 635 001,,West Facing
Middel Portion Terraced Building",67,0,44,0,0,0,13,4,0,0,0,0,0,0,0,4,132,0,132,,219,60.27
57,49,"Panchayat Union Primary School,
Bethanapalli -635 001 ,,South Facing
East wing Terraced Building",487,3,162,0,2,2,42,4,1,0,0,0,1,0,0,10,714,0,714,,858,83.22
58,50,"Govt. High School, Bethanapalli - 635
001 ,,East Facing South wing Terraced
Building",376,5,186,2,2,0,23,3,0,2,1,0,1,1,1,12,615,0,615,,772,79.66
59,51M,"Govt. High School, Bethanapalli - 635
001 ,,South Facing West Wing
Terraced Building",320,3,111,1,3,0,22,2,0,0,0,0,0,0,0,5,467,0,467,,571,81.79
60,51A(W),"Govt High School, Bethanapalli- 635
001,,South Facing East Wing Terraced
Building",348,7,78,1,1,1,1,0,0,0,0,1,1,1,4,7,451,0,451,,561,80.39
61,52,"Panchayat Union Primary School ,
Melerikottai - 635 001 ,,West Facing
South Wing Terraced Building",579,6,165,1,4,0,22,0,0,0,2,0,0,3,0,4,786,0,786,,889,88.41
62,53,"Govt. Higher Sec. School, Kanagamutlu
635 001, ,,North Facing South Wing
Terraced Building",224,3,297,2,1,0,21,2,0,0,0,0,0,2,2,3,557,0,557,,697,79.91
63,54M,"Govt. Higher Sec. School, Kanagamutlu
635 001,,East Facing Middle Wing
Terraced Building",216,3,179,0,3,0,36,2,0,0,1,0,0,2,0,2,444,0,444,,548,81.02
64,54A(W),"Govt. Higher Sec. School Kanagamutlu
635 001,,East Facing Middle Wing
Terraced Building Room No-4",214,2,184,0,2,0,21,1,1,1,0,0,2,3,1,6,438,0,438,,548,79.93
65,55,"Govt. Higher Sec. School, Kanagamutlu
-635 001,,North Facing West Wing
Terraced Building",462,7,235,0,3,4,28,6,0,0,1,0,2,2,0,13,763,0,763,,934,81.69
66,56M,"Panchayat Union Primary School ,
Periyamottur- 635 001 ,,East Facing
Terraced Building",167,4,181,1,2,1,25,4,1,0,1,0,3,0,2,4,396,0,396,,508,77.95
67,56A(W),"Panchayat Union Primary School ,
Periyamottur- 635 001,,East Facing
North Wing Terraced Building",166,2,206,2,0,1,23,5,0,0,0,3,5,0,0,2,415,0,415,,551,75.32
68,57M,"Panchayat Union Primary School ,
Periyamottur- 635 001,West Facing
North Wing Terraced Building",286,0,125,1,0,0,30,9,0,0,1,0,1,1,1,2,457,0,457,,572,79.90
69,57A(W),"Panchayat Union Primary School ,
Periyamottur- 635 001,,West Facing
South Wing Terraced Building",280,4,145,2,0,0,19,11,1,1,1,0,0,0,1,4,469,0,469,,583,80.45
70,58,"Panchayat Union Primary School,
Bethapalli A Vettiyampatti -635 001
,,West Facing South Wing Terraced
Building",409,4,221,3,8,1,25,1,0,0,0,0,1,1,1,1,676,0,676,,799,84.61
71,59,"Panchayat Union Primary School,
Bethapalli A Vettiyampatti -635 001
,,West Facing North Wing Terraced
Building",351,4,255,1,2,0,29,2,0,0,0,0,0,1,1,6,652,0,652,,763,85.45
72,60,"Panchayat Union Primary School,
Vettiyampatti - 635 001 ,,West Facing
South Wing Terraced Building",347,4,207,5,2,0,26,3,0,0,0,0,2,1,0,7,604,0,604,,711,84.95
73,61,"Panchayat Union Primary School,
Vettiyampatti - 635 001 ,,South Facing
Middel Portion Terraced Building",357,4,130,1,0,0,22,1,0,0,0,0,3,1,1,7,527,0,527,,611,86.25
74,62,"Panchayat Union Primary School,
Giddampatti -635 001,,North Facing
West Wing Terraced Building",381,3,230,1,0,0,25,1,0,1,1,0,1,1,0,5,650,0,650,,800,81.25
75,63,"Panchayat Union Primary School,
Giddampatti -635 001 ,,South Facing
East Wing Terraced Building",243,3,304,1,3,0,34,31,0,0,0,0,3,0,1,6,629,0,629,,891,70.59
76,64,"Panchayat Union Primary School,
Giddampatti -635 001 ,,South Facing
Middel Wing Terraced Building",138,3,103,2,4,0,12,24,0,0,0,0,0,1,2,1,290,0,290,,454,63.88
77,65,"Govt High School, Giddampatti 635
001,North Facing West Wing Terraced
Building Room No-2",535,2,209,1,8,1,7,1,1,0,1,1,2,1,0,4,774,0,774,,859,90.10
78,66,"Panchayat Union Middle School,
R.Poosaripatti - 635 002,,East Facing
Terraced Building",426,4,204,0,2,0,40,5,0,1,0,1,2,2,2,6,695,0,695,,860,80.81
79,67M,"Panchayat Union Middle School,
R.Poosaripatti - 635 002 ,,East Facing
South Wing Terraced Building",183,0,204,1,5,0,48,5,0,0,0,0,1,0,1,2,450,0,450,,615,73.17
80,67A(W),"Panchayat Union Middle School,
R.Poosaripatti - 635 002,,West Facing
North Wing Terraced Building",202,2,242,4,1,0,16,8,1,1,0,0,2,2,2,3,486,0,486,,666,72.97
81,68,"Panchayat Union Middle School,
Bethathalapalli -635 001 ,,West Facing
North Wing Terraced Building",395,2,168,4,10,0,52,3,0,0,0,0,0,0,0,5,639,0,639,,771,82.88
82,69,"Panchayat Union Middle School,
Bethathalapalli -635 001 ,,West Facing
South Wing Terraced Building",214,2,245,1,3,2,51,16,0,1,0,1,0,0,0,5,541,0,541,,774,69.90
83,70M,"Panchayat Union Middle
School,Betthalapalli 635 001 ,,East
Facing North Wing Terraced Building",144,1,178,1,2,0,56,13,0,0,0,0,0,0,0,3,398,0,398,,553,71.97
84,70A(W),"Panchayat Union Middle
School,Betthalapalli 635 001,,South
Facing West Wing Terraced Building",181,3,167,1,1,0,24,13,0,0,0,0,0,3,1,2,396,0,396,,589,67.23
85,71M,"Panchayat Union Middle School,
Betthalapalli 635 001 ,,East Facing
South Wing Terraced Building",151,2,177,2,6,0,41,8,0,0,0,0,0,1,1,4,393,0,393,,524,75.00
86,71A(W),"Panchayat Union Middle
School,Betthalapalli 635 001,,North
Facing west Wing Terraced Building",157,2,182,3,4,1,21,6,0,0,1,1,1,6,0,4,389,0,389,,531,73.26
87,72,"Panchayat Union Middle School,
Thurinjipatti - 635 002 ,,North Facing
East Wing Terraced Building",328,12,374,4,2,0,67,8,1,1,1,0,0,3,2,7,810,0,810,,997,81.24
88,73,"Panchayat Union Middle School,
Thurinjipatti - 635 002,,West Facing
South Wing Terraced Building",377,5,275,4,4,0,75,0,0,0,0,0,4,1,0,7,752,0,752,,850,88.47
89,74,"Panchayat Union Primary School,
Kondeipalli 635 115 ,,North Facing
West Wing Terraced Building",341,6,330,6,2,1,28,3,1,1,0,0,2,6,5,10,742,0,742,,978,75.87
90,75,"Panchayat Union Middle School,
Thanampatti - 635 115 ,,South Facing
West Wing Terraced Building",266,3,156,0,1,1,62,4,0,1,0,0,1,0,2,1,498,0,498,,595,83.70
91,76,"Panchayat Union Middle School,
Thanampatti - 635 115,South Facing
East Wing Terraced Building",290,3,229,0,0,2,67,9,1,0,2,0,2,4,0,7,616,0,616,,739,83.36
92,77,"Govt High School, Gangaleri 635 122
,,North Facing West wing Terraced
Building",206,3,276,0,3,1,46,5,0,0,0,0,2,2,0,2,546,0,546,,658,82.98
93,78,"Govt High School, Gangaleri - 635 122
,,East Facing South wing Terraced
Building",115,1,410,1,8,0,19,10,0,0,0,0,0,1,0,0,565,0,565,,676,83.58
94,79,"Govt High School, Gangaleri, - 635 122
,,North Facing East wing Terraced
Building",385,8,248,1,2,0,53,7,0,0,0,0,1,3,1,7,716,0,716,,738,97.02
95,80,"Panchayat Union Primary School,
Mathepatti - 635 122 ,,West Facing
South Wing Terraced Building",300,1,254,1,3,1,26,4,3,0,0,0,1,0,1,6,601,0,601,,704,85.37
96,81,"Panchayat Union Primary School,
Mathepatti - 635 122,South Facing
Terraced Building",378,4,334,0,3,0,56,3,3,0,1,0,1,1,0,2,786,0,786,,924,85.06
97,82,"Panchayat Union Primary School,
Mathepatti - 635 122 ,,South Facing
West Wing Terraced Building",285,5,265,1,1,0,30,1,0,0,0,0,1,0,2,4,595,0,595,,684,86.99
98,82A,"Govt High School, Gagalari - 635
122,,East Facing North Wing Terraced
Building",147,4,160,1,0,0,43,7,0,0,0,0,1,3,0,2,368,0,368,,466,78.97
99,83M,"Panchayat Union Middle School,
Sembadamuthur- 635 122 ,,East
Facing North Wing Terraced Building",205,0,217,2,0,0,21,2,0,0,0,0,0,2,1,2,452,0,452,,540,83.70
100,83A(W),"Panchayat Union Middle School
,Sembadamuthur- 635 122,,West
Facing East Wing Terraced Building",217,4,208,1,0,0,10,0,1,1,0,0,0,0,0,2,444,0,444,,535,82.99
101,84M,"Panchayat Union Middle School,
Sembadamuthur- 635 122 ,,East
Facing South Wing Terraced Building",235,6,152,0,0,0,26,1,0,0,0,0,0,0,1,1,422,0,422,,533,79.17
102,84A(W),"Panchayat Union Middle School
,Sembadamuthur- 635 122,,East
Facing North Wing Terraced Building",256,7,169,0,0,0,11,1,0,0,0,0,0,0,0,2,446,0,446,,521,85.60
103,85,"Panchayat Union Primary School,
Eanneikol Pudhur 635 120 ,,South
Facing East Wing Terraced Building",484,8,219,5,6,0,47,2,0,1,0,1,0,0,1,3,777,0,777,,909,85.48
104,86,"Panchayat Union Primary School ,
Eanneokol Pudhur - 635 122 ,,South
Facing Terraced Building",435,7,314,4,2,0,53,1,3,0,0,1,0,1,1,8,830,0,830,,959,86.55
105,87,"Govt High School, Eanneokol Pudhur -
635 122 ,,East Facing South Wing
Terraced Building",208,5,147,2,0,1,37,3,0,1,0,0,0,0,0,9,413,0,413,,490,84.29
106,88,"Panchayat Union Middle School,
Bellampalli - 635 116 ,,South Facing
Terrraced Building",220,6,419,3,1,0,62,2,0,0,0,0,1,0,0,3,717,0,717,,866,82.79
107,89,"Panchayat Union Middle School,
Baliganur - 635 116 ,,North Facing
Tiled Building",184,4,259,1,1,1,33,0,0,0,0,0,0,0,0,2,485,0,485,,547,88.67
108,90,"Panchayat Union Primary School,
Ittikkal Agaram - 635 122 ,,North
Facing West Wing Terraced Building",282,4,306,2,12,0,69,3,0,0,1,1,0,2,0,7,689,0,689,,839,82.12
109,91,"Panchayat Union Primary School,
Ittikkal Agaram - 635 122,,North
Facing East Wing Terraced Building",281,5,308,5,1,1,41,1,0,0,0,0,2,1,0,4,650,0,650,,722,90.03
110,92,"Panchayat Union Primary School,
Moramadugu - 635 121 ,,North Facing
Terraced Building",297,3,289,0,1,0,32,1,0,0,0,0,0,1,4,5,633,0,633,,813,77.86
111,93,"Panchayat Union Primary School,
Moramadugu - 635 121 ,,North Facing
Tiled Building",263,5,174,0,0,0,33,2,0,0,0,0,0,0,1,1,479,0,479,,575,83.30
112,94,"Panchayat Union Primary School,
Usthalahalli - 635 121 ,,North Facing
Terraced Building",171,4,119,1,0,0,20,0,0,0,0,0,0,0,2,2,319,0,319,,366,87.16
113,95,"Panchayat Union Middle School,
Balaguri 635 121 ,,South Facing
Terraced Building",224,6,314,0,4,0,43,8,0,2,0,0,0,1,2,3,607,0,607,,847,71.66
114,96,"Panchayat Union Middle School,
Balaguri 635 121,,West Facing North
Wing Terraced Building",372,6,155,0,3,0,60,10,1,1,0,0,1,4,4,11,628,0,628,,710,88.45
115,97,"Panchayat Union Primary School,
Thoddapoovathi - 635 122 ,,North
Facing East Wing Terraced Building",271,5,267,3,0,0,34,1,0,1,0,1,1,2,0,6,592,0,592,,715,82.80
116,98,"Panchayat Union Primary School ,
Thoddapoovathi - 635 122 ,,North
Facing West Wing Terraced Building",380,11,386,3,0,1,30,0,1,0,0,0,1,3,2,6,824,0,824,,956,86.19
117,99,"Panchayat Union Primary School,
Thodda Poovathi -635122 ,,North
Facing Building West Wing Terraced
Bulding",223,5,382,2,2,1,41,0,0,1,0,0,3,2,0,5,667,0,667,,777,85.84
118,100,"Panchayat Union Primary School
Uppu Kuttai 635122,,North Facing
West Wing Terraced Building",338,1,213,1,0,0,16,3,0,0,0,0,0,1,0,3,576,0,576,,664,86.75
119,101,"Panchayat Union Primary School,
Mittapalli 635122,,North Facing West
Wing Terraced Building",324,3,84,0,0,0,11,1,0,0,0,0,2,0,1,7,433,0,433,,500,86.60
120,102M,"Govt Hr. Sec. School, Aalapatti 635 122
,,East Facing Terraced Building North
Wing",163,3,219,1,0,0,45,2,0,0,0,0,1,0,0,5,439,0,439,,577,76.08
121,102A(W),"Govt Hr Sec School ,Aalapatti 635
122,,South Facing Terraced Building
West Wing",201,3,201,0,0,1,18,2,0,0,1,0,1,1,1,5,435,0,435,,561,77.54
122,103,"Govt Hr.Sec.School, Aalapatti
635122,East Facing North Wing
Terraced Building",165,4,308,3,0,0,10,1,0,0,0,1,0,0,0,3,495,0,495,,598,82.78
123,104,"Govt Hr.Sec.School, Aalapatti
635122,,West Facing Terraced
Building South Wing",211,0,309,0,0,0,17,3,0,0,0,1,0,2,0,4,547,0,547,,643,85.07
124,105M,"Govt Hr.Sec.School, Aalapatti 635 122
,,South Facing Terraced Building
North Wing",162,0,260,0,0,0,47,5,1,0,0,1,0,1,1,0,478,0,478,,534,89.51
125,105A(W),"Govt Hr.Sec.School, Aalapatti 635
122,,South Facing Terraced Building
Middle Wing",196,8,239,2,1,0,14,3,0,1,0,0,1,3,2,6,476,0,476,,538,88.48
126,106,"Panchayat Union Primary School,
Velagalahalli - 635 122 ,,East Facing
Terraced Building",213,1,535,0,0,0,24,1,0,0,0,0,0,1,0,1,776,0,776,,837,92.71
127,107,"Panchayat Union Primary School,
Basipatti - 635 122 ,,North Facing
Terraced Building",270,2,262,0,0,2,29,0,0,0,0,0,1,0,0,0,566,0,566,,644,87.89
128,108M,"Panchayat Union Primary School,
Sokkadi 635 101 ,,West Facing
Terraced Building North wing",145,1,256,2,3,0,45,4,1,0,0,1,0,1,11,1,471,0,471,,525,89.71
129,108A(W),"Panchayat Union Primary School,
Sokkadi 635 101,,West Facing
Terraced Building South wing",171,3,272,2,1,2,14,0,0,0,1,0,0,4,5,1,476,0,476,,534,89.14
130,109,"Panchayat Union Primary School,
Sokkadi -635 101 ,,North Facing West
Wing Terraced Building",206,3,275,4,0,0,34,4,0,0,0,0,1,0,0,2,529,0,529,,634,83.44
131,110,"Panchayat Union Middle School,
Thuduganahalli- 635 101 ,,South
Facing East Wing Terraced Building",420,6,317,2,1,0,22,3,0,2,0,1,1,2,4,5,786,0,786,,894,87.92
132,111,"Panchayat Union Middle School,
Thuduganahalli- 635 101 ,,South
Facing Middel Wing Terraced Building",351,8,319,2,2,0,19,1,1,3,0,0,3,2,2,6,719,0,719,,847,84.89
133,112,"Panchayat Union Middle School,
Thuduganahalli- 635 101 ,,South
Facing West Wing Terraced Building",225,3,289,0,0,0,8,2,0,1,0,0,0,0,0,4,532,0,532,,637,83.52
134,113M,"Govt. High School, Pellarampalli - 635
122 ,,North Facing Terraced Building
West Wing",221,3,194,0,4,0,50,5,2,0,0,0,0,1,0,1,481,0,481,,605,79.50
135,113A(W),"Govt High School Pellarampalli 635
122,,West Facing Terraced Building
North wing",235,4,222,0,2,0,16,3,0,1,0,0,0,1,2,5,491,0,491,,609,80.62
136,114,"Govt. High School, Pellarampalli -635
122 ,,North Facing Terraced Building
East Wing",315,7,250,0,0,0,45,3,0,1,1,1,1,2,1,9,636,0,636,,787,80.81
137,115,"Panchayat Union Primary School,
Vengiliganapallii - 635 122 ,,East
Facing Terraced Building",314,1,441,5,3,1,43,1,0,0,0,0,0,0,0,2,811,0,811,,913,88.83
138,116,"Panchayat Union Primary School,
Pachiganapalli - 635 122 ,,South
Facing Terraced Building",295,2,224,1,1,0,19,3,0,0,0,1,1,0,1,8,556,0,556,,633,87.84
139,117,"Panchayat Union Primary School,
Palaiya Beiyanapalli -635 101 ,,South
Facing Terraced Building East Wing",454,8,226,3,0,0,53,1,0,0,0,0,2,3,3,9,762,0,762,,847,89.96
140,118,"Municipal (Urudhu) Girls Middle
School, Kottai, Krishnaigiri - 635 001
,,East Facing South Wing Terraced
Building",128,0,633,2,27,0,2,2,0,0,0,0,0,4,0,5,803,0,803,,1012,79.35
141,119,"Municipal (Urudhu) Girls Middle
School Kottai, Krishnaigiri - 635 001
,,South Facing Terraced Building",175,1,314,1,3,0,14,15,1,0,0,0,0,0,0,5,529,0,529,,653,81.01
142,120M,"Municipal( Urudhu)Girls Middle
School, Kottai, Krishnagiri -635 001
,,West Facing North Wing Terraced
Building",224,2,233,0,1,0,31,15,0,1,0,0,0,0,0,7,514,0,514,,656,78.35
143,120A(W),"Municipal (Urudhu) Girls Middle
School Kottai, Krishnaigiri - 635
001,,North Facing Middle Wing
Terraced Building",247,3,197,1,2,1,14,13,0,1,0,0,1,1,2,4,487,0,487,,663,73.45
144,121,"Municipal Boys Middle School
(Urudhu) Gandhi Road, Krishnagiri -
635 001 ,,East Facing Terraced
Building North Wing",369,3,289,0,1,1,54,30,0,0,0,0,0,2,0,5,754,0,754,,858,87.88
145,122,"Municipal Boys Middle School,
(Urudhu) Gandhi Road, Krishnagiri -
635 001 ,,West Facing Terraced
Building",210,0,429,4,5,2,17,7,0,0,1,0,1,4,1,4,685,0,685,,908,75.44
146,123M,"Municipal Middle School (Tamil)
Gandhi Rd Krishnagiri 635 001,,South
Facing West Wing Terraced Building
West wing",155,0,184,0,4,1,42,11,0,1,0,1,0,0,0,1,400,0,400,,567,70.55
147,123A(W),"Municipal Middle School (Tamil)
Gandhi Rd Krishnagiri 635 001,,South
Facing Middle Wing Terraced Building
West wing",193,3,203,1,0,0,13,3,0,0,0,0,0,0,0,5,421,0,421,,624,67.47
148,124,"Municipal Hr. Sec. School,
Makarajakadai Road, Oldpet,
Krishnagiri - 635 001 ,,South Facing
North Wing Terraced Building Room
No-1",258,3,294,0,15,0,32,10,0,0,1,0,1,1,2,3,620,0,620,,833,74.43
149,125,"Municipal Hr. Sec. School,
Makarajakadai Road, Oldpet,
Krishnagiri - 635 001,South Facing
Middle Portion Terraced Building
Room No-2",281,3,385,2,1,0,25,12,0,0,0,0,1,4,0,2,716,0,716,,856,83.64
150,126,"Municipal Hr. Sec. School,
Makarajakadai Road, Oldpet,
Krishnagiri - 635 001,South Facing
Middle Portion Terraced Building
Room No-3",173,2,497,2,16,0,31,4,0,0,0,0,0,5,1,3,734,0,734,,966,75.98
151,127,"Municipal Hr. Sec. School,
Makarajakadai Road, Oldpet,
Krishnagiri - 635 001,South Facing
Middle Portion Terraced Building
Room No-4",267,3,367,2,6,0,54,7,0,0,2,0,2,4,0,4,718,0,718,,897,80.04
152,128M,"Municipal Hr. Sec. School,
Makarajakadai Road, Oldpet,
Krishnagiri - 635 001 ,,South Facing
East Wing Terraced Building Room No-
5",145,1,338,2,23,0,33,4,0,0,0,0,0,0,0,5,551,0,551,,731,75.38
153,128A(W),"Municipal Hr. Sec. School,
Makarajakadai Road, Oldpet,
Krishnagiri - 635 001,North Facing
West Wing Terraced Building",179,3,347,3,12,0,13,5,0,0,0,0,0,0,0,9,571,0,571,,790,72.28
154,129M,"Municipal Middle, (Tamil) Krishnagiri -
635 001 ,,South Facing Middle Wing
Terraced Building",205,2,222,1,7,0,40,18,0,0,0,0,0,0,0,6,501,0,501,,603,83.08
155,129A(W),"Municipal Middle, (Tamil) Krishnagiri -
635 001,,West Facing Terraced
Building",221,0,186,2,5,0,17,18,0,0,0,0,0,0,0,4,453,0,453,,596,76.01
156,130M,"I.E.L.C Middle School, Krishnagiri - 635
001 ,,South Facing West Wing
Terraced Building",245,1,157,1,1,0,18,18,0,0,0,0,0,0,1,3,445,0,445,,591,75.30
157,130A(W),"I.E.L.C Middle School Krishnagiri 635
001,,South Facing Middle Wing
Terraced Building",250,1,183,1,0,0,10,15,0,0,0,0,0,0,0,7,467,0,467,,703,66.43
158,131M,"I.E.L.C Middle School. Krishnagiri - 635
001 ,,South Facing Middle Wing
Terraced Building",197,2,221,0,2,0,21,21,0,0,2,0,0,2,1,6,475,0,475,,670,70.90
159,131A(W),"I.E.L.C Middle School. Krishnagiri - 635
001, ,South Facing East Wing Terraced
Building",209,0,213,1,2,0,18,29,0,0,1,0,0,0,2,2,477,0,477,,744,64.11
160,132M,"St.Annal Girls Hr.Sec.School,
Krishnagiri - 635 001 ,,West Facing
North Wing Terraced Building",124,0,176,1,0,0,27,30,0,0,0,0,0,1,0,4,363,0,363,,566,64.13
161,132A(W),"St.Annal Girls Hr.Sec.School,
Krishnagiri - 635 001,,West Facing
South Wing Terraced Building",135,1,172,1,0,1,9,29,0,0,0,0,2,0,0,1,351,0,351,,596,58.89
162,133M,"I.E.L.C. Middle School, Krishnagiri -635
001 ,,South Facing Middle Wing
Terraced Building",69,1,345,0,5,0,13,1,0,0,0,0,0,0,0,2,436,0,436,,552,78.99
163,133A(W),"I.E.L.C. Middle School, Krishnagiri -
635 001,,North Facing East Wing
Terraced Building",74,3,335,2,3,0,4,1,0,0,0,0,1,2,1,0,426,0,426,,565,75.40
164,134,"I.E.L.C. Middle School, Krishnagiri -
635 001 ,,South Facing Middle Wing
Terraced Building",271,3,353,0,5,1,28,25,1,0,1,0,0,0,0,9,697,0,697,,1025,68.00
165,135,"Govt. Girls Hr.Sec. School, Krishnagiri -
635 001 ,,North Facing Terraced
Building",215,1,286,2,6,1,21,31,2,0,1,0,0,0,0,5,571,0,571,,891,64.09
166,136,"Govt. Girls Hr.Sec. School, Krishnagiri -
635 001,,North Facing Terraced
Building",272,4,177,0,0,0,45,24,0,0,0,0,0,0,0,5,527,0,527,,750,70.27
167,137M,"Municipal Middle School, Annanagar,
Krishnagiri - 635 001 ,,South Facing
West Wing Terraced Building",290,0,175,0,6,0,55,10,0,0,0,0,2,0,0,7,545,0,545,,683,79.80
168,137A(W),"Municipal Middle School, Annanagar,
Krishnagiri - 635 001,,North Facing
West Wing Terraced Building",370,3,190,0,1,0,21,15,1,0,0,0,0,1,0,8,610,0,610,,752,81.12
169,138M,"Municipalty Middle School,
Annanagar, Krishnagiri 635001
,,South Facing East wing Terraced
Building",269,0,159,0,2,0,53,17,0,0,0,0,1,3,0,4,508,0,508,,624,81.41
170,138A(W),"Municipalty Middle School,
Annanagar, Krishnagiri 635001,,North
Facing East wing Terraced Building",351,2,156,1,1,0,23,19,0,0,0,0,0,0,1,6,560,0,560,,702,79.77
171,139M,"Govt Boys Hr.Sec. School Krishnagiri
635 001,,East Facing Middle Wing
Terraced Building, C Block, Room No-
C1",205,2,275,2,2,0,36,10,0,0,1,0,0,0,0,7,540,0,540,,614,87.95
172,139A(W),"Govt Boys Hr.Sec. School Krishnagiri
635 001,,East Facing Middle Wing
Terraced Building, C Block, Room No-
C2",255,2,292,0,1,0,18,8,0,0,0,0,0,2,1,9,588,0,588,,687,85.59
173,140M,"Govt Boys Hr.Sec. School Krishnagiri
635 001,,East Facing Terraced
Building, C Block, Room No-C3",300,3,189,0,5,0,39,10,0,0,0,0,2,0,0,2,550,0,550,,694,79.25
174,140A(W),"Govt Boys Hr.Sec. School Krishnagiri
635 001,,North Facing East Wing
Terraced Building, Q - Block",311,3,214,3,2,0,22,4,0,0,0,0,1,0,3,5,568,0,568,,715,79.44
175,141M,"Govt. Boys Hr. Sec.School, Krishnagiri -
635 001,,East Facing Terraced
Building D Block - Room No.D1",258,1,153,0,1,0,39,16,0,2,0,0,0,0,0,8,478,0,478,,639,74.80
176,141A(W),"Govt Boys Hr.Sec. School Krishnagiri
635 001,,North Facing Middle Wing
Terraced Building, Q Block -Q1",283,6,161,2,0,0,22,8,0,2,1,0,0,0,2,4,491,0,491,,649,75.65
177,142,"Govt. Boys Hr. Sec.School, Krishnagiri -
635 001,,East facing Terraced
Building, D Block, Room No-D2",347,1,201,1,1,1,23,24,0,0,0,0,3,1,1,6,610,0,610,,785,77.71
178,143,"Govt. Boys Hr. Sec. School, Krishnagiri -
635 001,,East facing Terraced
Building, D Block, Room No-D3",301,2,191,1,1,0,30,21,0,0,0,0,0,0,1,7,555,0,555,,758,73.22
179,144,"Govt. Girls Hr.Sec. School Krishnagiri
635 001 ,,West Facing North Wing
Terraced Building",224,1,344,1,3,1,45,50,0,0,0,0,0,0,0,7,676,0,676,,1009,67.00
180,145,"Mucipality Middle School, Sub Jail
Road, Krishnagiri -635001 ,,West
Facing North Wing Terraced Building",237,1,354,0,2,0,10,9,0,1,0,0,1,1,1,8,625,0,625,,812,76.97
181,146,"Mucipality Middle School, Sub Jail
Road, Krishnagiri - 635001 ,,South
Facing West Wing Terraced Building",149,3,411,0,2,0,18,21,0,0,0,0,0,0,1,7,612,0,612,,743,82.37
182,147M,"Municipal Primary School ,Thernilaya
Street,Krishnagiri- 635 001,,North
Facing Midile Terraced Building",236,0,122,1,1,0,14,12,0,0,0,0,1,0,0,10,397,0,397,,548,72.45
183,147A(W),"Municipal Primary School ,Thernilaya
Street,Krishnagiri- 635 001,,North
Facing, Temproury New Shed
Recommended",230,7,137,0,1,1,8,10,0,2,1,0,1,1,0,5,404,0,404,,621,65.06
184,148,"Mucipality Middle School, Rasiveethi,
Krishnagiri - 635 001 ,,East Facing
North Wing Terraced Building",223,2,346,3,4,0,27,17,0,0,0,0,0,0,0,5,627,0,627,,886,70.77
185,149,"Mucipality Middle School, Rasiveethi
Krishnagiri - 635 001 ,,East Facing
South wing Terraced Building",222,1,430,4,2,0,26,19,0,0,0,0,0,1,1,7,713,0,713,,907,78.61
186,150,"Municipal Primary School, Thernilaya
Street, Krishnagiri - 635 001 ,,North
Facing West WingTerraced Building",274,1,378,2,1,1,30,23,0,0,0,0,0,1,0,6,717,0,717,,1052,68.16
187,151,"Municipal Primary School, Thernilaya
Street, Krishnagiri- 635 001 ,,North
Facing East Wing Terraced Building",115,2,378,3,13,0,25,6,1,0,1,0,0,0,0,4,548,0,548,,687,79.77
188,152M,"Mucipality Primary School, Thernizlai
Street, Krishnagiri - 635001 ,,West
Facing Terraced Building",136,0,187,0,0,0,27,7,0,0,0,0,0,0,0,4,361,0,361,,496,72.78
189,152A(W),"Mucipality Primary School Thernizlai
Street, Krishnagiri 635001,,East
Facing Terraced Building",148,3,223,1,0,0,15,5,1,0,0,0,3,0,0,4,403,0,403,,566,71.20
190,153,"Bharath Metric. School, Sub Jail Road,
Krishnagiri - 635 001 ,,North Facing
West Wing Terraced Building",128,0,272,0,0,0,29,11,0,2,0,0,1,0,0,3,446,0,446,,603,73.96
191,154,"Bharath Metric. School, Sub Jail Road,
Krishnagiri - 635 001 ,,North Facing
East Wing Terraced Building",232,3,327,2,9,1,35,20,1,0,0,0,0,0,0,12,642,0,642,,873,73.54
192,155M,"Barath Metric School Sub Jail Road
Krishnagiri - 635 001 ,,West Facing
Middle Wing Terraced Building",117,0,292,2,4,1,33,12,0,0,0,1,0,0,0,4,466,0,466,,560,83.21
193,155A(W),"Barath Metric School Sub Jail Road
Krishnagiri 635 001,,West Facing
Middle Wing Terraced Building Room
No-5",155,0,321,2,2,0,21,11,0,0,0,0,0,0,0,7,519,0,519,,646,80.34
194,156M,"Barath Metric School, Sub Jail Road,
Krishnagiri - 635 001 ,,West Facing
Middle Wing Terraced Building",125,1,236,1,6,0,24,30,0,0,0,0,2,0,0,4,429,0,429,,648,66.20
195,156A(W),"Bharath Metric School, Salem Road,
Krishnagiri - 635 001,,West Facing
North Wing Terraced Building",138,0,252,5,0,0,9,14,0,1,0,0,1,2,0,5,427,0,427,,607,70.35
196,157,"Bharath Metric School, Sub Jail Road,
Krishnagiri - 635 001 ,,West Facing
South Wing Terraced Building",254,1,352,2,6,0,51,38,1,0,0,0,0,1,3,5,714,0,714,,959,74.45
197,158M,"Municipal Primary School, Nesavukara
Street, Krishnagiri-635 001,,West
Facing Middle Wing Terraced Building",225,1,199,1,6,0,17,12,0,0,0,0,0,0,1,5,467,0,467,,565,82.65
198,158A(W),"Municipal Primary School, Nesavukara
Street, Krishnagiri-635 001,,West
Facing North Wing Terraced Building",259,2,209,0,4,0,7,11,0,0,0,0,1,1,0,1,495,0,495,,617,80.23
199,159M,"Municipal Primary School, Nesavukara
Street, Krishnagiri-635 001 ,,North
Facing East Wing Terraced Building",123,1,238,0,8,0,21,9,0,0,0,0,0,0,0,5,405,0,405,,540,75.00
200,159A(W),"Municipal Primary School, Nesavukara
Street, Krishnagiri-635 001,,North
Facing Middle Wing Terraced Building",144,0,236,0,7,0,5,5,0,0,1,0,0,1,1,1,401,0,401,,525,76.38
201,160,"Govt. Girls Hr. Sec. School Krishnagiri
635 001 ,,West Facing North Wing
Terraced Building",234,1,178,0,1,0,18,33,1,1,1,1,0,0,1,11,481,0,481,,726,66.25
202,161,"D.K.Samy Matric High School,
Krishnagiri- 635 001 ,,North Facing
Middle Wing Terraced Building",252,1,421,2,10,0,24,25,0,0,1,0,0,0,0,5,741,0,741,,1028,72.08
203,162,"D.K.Samy Matric High School,
Krishnagiri- 635 001 ,,North Facing
Middle Wing Terraced Building",108,2,281,0,6,0,14,10,0,0,0,0,1,0,0,5,427,0,427,,538,79.37
204,163,"D.K.Samy Matric High School,
Krishnagiri -635 001 ,,North Facing
Middle Wing Terraced Building",167,2,519,4,4,0,21,31,1,0,1,0,1,0,0,3,754,0,754,,1003,75.17
205,164M,"D.K.Samy Matric High School,
Krishnagiri -635 001 ,,West Facing
Middle Wing Terraced Building",149,0,114,0,8,0,17,32,0,0,0,0,0,0,0,8,328,0,328,,532,61.65
206,164A(W),"D.K.Samy Matric High School,
Krishnagiri- 635 001,,North Facing
East Wing Terraced Building",118,0,135,0,2,0,12,28,0,0,0,0,0,1,0,9,305,0,305,,549,55.56
207,165,"St Annal Girls Hr. Sec. School
Krishnagiri 635 001 ,,East Facing
Terraced Building Room No:1A",238,1,335,2,3,0,37,31,1,0,1,0,2,0,1,10,662,0,662,,973,68.04
208,166M,"St Annal Girls Hr Sec School
Krishnagiri 635 001 ,,East Facing
Middle Wing Terraced Building Room
No:II-B",109,0,192,1,1,0,14,22,0,0,0,0,1,0,1,4,345,0,345,,538,64.13
209,166A(W),"St Annal Girls Hr Sec School
Krishnagiri 635 001,,East Facing
Middle Wing Terraced Building Room
No:II-A",106,0,161,0,2,1,9,25,0,0,0,0,0,0,0,5,309,0,309,,568,54.40
210,167M,"St.Annal Girls Hr.Sec.School,
Krishnagiri - 635 001 ,,East Facing
Middle Terraced Building Room No II-
D",148,4,245,0,0,2,39,29,0,0,0,0,0,0,1,7,475,0,475,,704,67.47
211,167A(W),"St.Annal Girls Hr.Sec.School,
Krishnagiri - 635 001,,East Facing
Middle Terraced Building",151,3,229,2,0,0,22,28,0,0,0,0,1,1,0,3,440,0,440,,740,59.46
212,168M,"R.C Fathima Boys High School
Krishnagiri 635 001 ,,South Facing
Middel Portion Terraced Building
Room No 1",94,0,303,1,13,0,11,2,0,0,0,0,0,1,1,2,428,0,428,,581,73.67
213,168A(W),"R.C Fathima Boys High School
Krishnagiri 635 001,,West Facing
North Portion Terraced Building",88,0,272,2,3,0,8,1,1,0,0,0,1,0,0,3,379,0,379,,534,70.97
214,169,"R.C Fathima Boys High School,
Krishnagiri -635 001 ,,South Facing
Middle Portion Terraced Building
Room No 2",43,0,133,0,0,0,9,12,0,0,0,0,0,0,0,3,200,0,200,,404,49.50
215,170,"R.C.Fathima Boys High School,
Krishnagiri - 635 001 ,,South Facing
Middle Portion Terraced Building
Room No 3",169,1,186,1,1,0,27,9,0,0,1,0,0,1,0,4,400,0,400,,630,63.49
216,171M,"R C Fathima Boys High School
Kirshnagiri 635001 ,,South Facing
Middle Portion Terraced Building
Room No-4",121,1,178,0,2,0,51,9,0,0,0,0,0,0,0,0,362,0,362,,560,64.64
217,171A(W),"R C Fathima Boys High School
Kirshnagiri 635001,,West Facing
Middel Portion Terraced Building",118,1,199,0,0,0,29,9,0,0,0,0,0,0,0,4,360,0,360,,581,61.96
218,172,"R C Fathima Boys High School,
Kirshnagiri 635001 ,,South Facing
Middel Portion Terraced Building
Room No 5",159,0,176,0,1,0,21,28,0,0,0,0,0,0,0,2,387,0,387,,528,73.30
219,173,"B R C High School, Kattikanapalli 635
001 ,,North Faceing Terraced Building
Room No:8",133,1,280,0,7,0,17,38,2,0,1,0,0,1,0,3,483,0,483,,1047,46.13
220,174,"B R C High School, Kattikanapalli 635
001 ,,South Faceing West Wing
Terraced Building",147,0,243,0,1,1,20,27,0,0,1,0,0,0,0,2,442,0,442,,895,49.39
221,175,"Rotary Trust Matric School, Sathiya
Sai Nagar, Kattikanapalli - 635 001
,,Noth Facing East wing Terraced
Building Room No-2",111,0,205,0,1,1,31,28,0,0,0,0,1,0,1,8,387,0,387,,759,50.99
222,176,"Rotary Trust Matric School, Sathiya
Sai Nagar, Kattikanapalli - 635 001
,,North Facing East wing Terraced
Building Room No-3",142,1,328,2,5,0,39,41,0,0,0,0,1,1,1,9,570,0,570,,942,60.51
223,177,"Rotary Trust Matric School, Sathiya
Sai Nagar, Kattiganapalli, Krishnagiri -
635 001 ,,North Facing East Terraced
Building Room No-4",112,1,243,1,3,1,23,22,0,0,0,0,0,0,0,4,410,0,410,,666,61.56
224,178,"Rotary Trust Matric School, Sathiya
Sai Nagar, Kattiganapalli, Krishnagiri-
635 001 ,,North Facing East wing
Terraced Building Room No-5",105,2,210,0,0,0,18,18,0,0,2,0,0,0,0,3,358,0,358,,681,52.57
225,179,"Swami Vivekananda Hr. Sec. School,
Krishnagiri - 635 001 ,,North Facing
East Wing Terraced Building",142,0,280,0,5,0,35,23,0,0,0,0,0,0,0,2,487,0,487,,1007,48.36
226,180,"Swami Vivekananda Hr. Sec. School,
Krishnagiri - 635 001 ,,North Facing
Terraced Building",113,0,203,0,4,0,18,33,0,0,0,0,0,0,0,4,375,0,375,,741,50.61
227,181M,"Rotary Trust Matric School, Sathiya
Sai Nagar, Kattiganapalli, Krishnagiri-
635 001 ,,North Facing Terraced
Building Room No-6",84,0,150,0,5,0,23,20,0,0,0,0,0,0,0,1,283,0,283,,542,52.21
228,181A(W),"Rotary Trust Matric School, Sathiya
Sai Nagar, Kattiganapalli, Krishnagiri-
635 001,,North Facing East wing
Terraced Building",59,0,154,0,5,0,5,24,0,0,1,0,1,1,0,2,252,0,252,,588,42.86
229,182M,"B R C High School, Kattiganapalli,
Krishnagiri - 635 001 ,,South Facing
West wing Terraced Building",248,3,109,0,0,0,21,11,0,0,1,0,1,1,0,3,398,0,398,,564,70.57
230,182A(W),"B R C High School, Kattiganapalli,
Krishnagiri - 635 001,,North Facing
South wing Terraced Building Room
No-2",278,2,129,0,0,0,9,8,0,1,0,0,0,0,0,7,434,0,434,,597,72.70
231,183,"B R C High School, Kattiganapalli
Krishnagiri - 635 001 ,,South Facing
East wing Terraced Building",183,1,126,1,0,1,24,7,0,0,0,0,0,1,0,2,346,0,346,,496,69.76
232,184,"Rotary Trust Matric School, Sathiya
Sai Nagar, Kattiganapalli, Krishnagiri-
635 001,,East Facing Terraced
Building",208,1,304,1,12,1,29,28,0,0,0,1,0,0,0,10,595,0,595,,1014,58.68
233,185,"Govt. Women Arts.College,
Kattikanapalli Krishnagiri - 635 001
,,West Facing South Wing Terraced
Building",126,0,249,0,4,0,17,38,0,0,0,0,0,0,1,8,443,0,443,,825,53.70
234,186,"Govt. Women Arts.College,
Kattikanapalli Krishnagiri- 635 001
,,West Facing Middle Wing Terraced
Building",131,1,258,0,4,0,22,29,0,0,1,0,0,0,1,4,451,0,451,,838,53.82
235,187,"Govt. Womens Arts College,
Kattiganapalli, Krishnagiri - 635 001
,,West Facing North Wing Terraced
Building",279,1,296,0,1,0,44,23,0,0,1,0,0,0,1,4,650,0,650,,914,71.12
236,188,"Panchayat Union Primary School
Seera Sagaram A Devasamuthiram -
635 001 ,,North Facing West Wing
Terraced Building",133,1,530,1,1,0,69,10,0,0,0,0,0,2,0,6,753,0,753,,990,76.06
237,189,"Panchayat Union Primary School
Seera Sagaram (A) Devasamuthiram -
635 001 ,,North Facing East Wing
Terraced Building",348,0,220,1,3,0,31,10,0,1,0,0,1,4,0,8,627,0,627,,736,85.19
238,190,"Samy Vivekanadha Hr Sec School
Krishnagiri 635 001 ,,East Facing
North wing Terraced Building Room
No 9",211,1,324,1,0,1,43,35,0,0,0,0,1,2,2,4,625,0,625,,996,62.75
239,191,"Samy Vivekanadha Hr. Sec. School,
Krishnagiri 635 001 ,,East Facing
south wing Terraced Building Room
No 10",155,0,165,0,2,0,30,26,0,1,1,0,0,0,0,6,386,0,386,,534,72.28
240,192M,"Swami Vivekananda Hr.Sec. School,
Krishnagiri 635 001 ,,North facing
East wing Terraced Building",116,1,285,0,5,0,26,12,0,1,0,0,0,0,0,4,450,0,450,,644,69.88
241,192A(W),"Swami Vivekananda Hr.Sec. School,
Krishnagiri 635 001,,East facing North
wing Terraced Building",156,0,246,0,2,0,10,10,0,0,0,0,1,1,0,3,429,0,429,,657,65.30
242,193,"Swami Vivekananda Hr.Sec. School,
Krishnagiri 635 001 ,,North facing
Terraced Building",260,4,262,1,7,0,67,13,1,0,0,0,0,1,0,4,620,0,620,,928,66.81
243,194,"Govt. High School, Kalveyhalli-I -635
101,,North Facing West Wing
Terraced Building",367,1,345,2,2,0,47,6,0,0,0,0,0,0,2,2,774,0,774,,872,88.76
244,195,"Govt. High School, Kalveyhalli-I -635
101 ,,North Facing Middel Portion
Terraced Building",205,2,306,0,1,1,20,1,0,0,0,0,1,0,1,2,540,0,540,,625,86.40
245,196,"Govt. High School, Kalveyhalli-I -635
101 ,,North Facing Middel Portion
Terraced Building",293,5,320,2,3,0,20,2,0,1,1,0,0,1,0,8,656,0,656,,724,90.61
246,197,"Panchayat Union Primary School
Kalveyhalli-II 635 112 ,,South Faceing
West Wing Terraced Building",441,14,309,4,2,0,31,2,0,1,1,1,0,1,4,8,819,0,819,,923,88.73
247,198M,"Panchayat Union Primary School ,
Kalveihalli II - 635 112 ,,South Facing
East Wing Terraced Building",275,4,171,1,8,1,28,3,0,0,0,0,1,0,0,3,495,0,495,,580,85.34
248,198A(W),"Panchayat Union Primary School ,
Kalveihalli II - 635 112,,South Facing
Terraced Building",286,4,177,1,0,1,9,5,1,1,0,1,0,4,2,3,495,0,495,,564,87.77
249,199,"Panchayat Union Primary School
Avathanapatti 635 001 ,,South Facing
Tiled Building",345,6,341,6,7,0,37,4,0,0,1,0,0,0,1,14,762,0,762,,937,81.32
250,200,"Panchayat Union Middle School,
Agaraharam, 635 001,,North Facing
Terraced Building",264,2,123,1,2,0,19,14,1,0,0,0,1,1,0,1,429,0,429,,542,79.15
251,201,"Govt. High School, Nekkundhi - 635
101,,West Facing North Wing
Terraced Building",405,2,333,2,2,0,36,2,1,0,0,0,3,2,1,5,794,0,794,,893,88.91
252,202,"Govt. High School, Nekkundhi - 635
101 ,,West Facing South Wing
Terraced Building",487,6,277,0,5,0,28,3,0,1,1,0,0,0,2,5,815,0,815,,967,84.28
253,203M,"Panchayat Union Primary School
Periyamuthur 635 101,,East Facing
North Wing Tiled Building",255,1,186,2,0,0,26,6,0,1,0,0,1,0,0,1,479,0,479,,573,83.60
254,203A(W),"Panchayat Union Primary School
Periyamuthur 635 101,,East Facing
South Wing Tiled Building",248,13,195,1,0,1,19,3,0,0,0,1,1,3,2,4,491,0,491,,623,78.81
255,204M,"Panchayat Union Primary School
Periyamuthur 635101 ,,West Facing
South Wing Terraced Building",261,3,161,1,0,0,32,6,0,1,0,0,0,2,0,2,469,0,469,,545,86.06
256,204A(W),"Panchayat Union Primary School
Periyamuthur 635101,,West Facing
North Wing Terraced Building",264,7,171,1,0,1,13,3,0,1,1,0,1,3,4,9,479,0,479,,565,84.78
257,205M,"Panchayat Union Primary School,
Dhuvarakapuri- 635 101 ,,West Facing
Terraced Building",253,1,133,0,3,0,33,12,0,0,0,0,0,2,2,2,441,0,441,,533,82.74
258,205A(W),"Panchayat Union Primary School ,
Dhuvarakapuri- 635 101,,West Facing
South Wing Terraced Building",298,5,152,1,3,1,15,4,0,0,1,0,2,1,0,5,488,0,488,,571,85.46
259,206M,"Panchayat Union Primary School
Nattankottai - 635 101 ,,West Facing
North Wing Terraced Building",226,2,209,1,0,0,30,6,0,0,0,0,1,1,5,8,489,0,489,,574,85.19
260,206A(W),"Panchayat Union Primary School
Nattankottai - 635 101,,South Facing
East Wing Terraced Building",208,7,227,3,0,0,8,1,0,0,1,0,1,2,3,5,466,0,466,,556,83.81
261,207,"Panchayat Union Primary School
Nattankottai - 635 101,,West Facing
South Wing Terraced Building",495,12,368,3,4,0,30,4,1,0,1,1,1,1,6,4,931,0,931,,1036,89.86
262,208,"Panchayat Union Primary School
Sundekuppam 635 101 ,,North Facing
East Wing Terraced Building",463,5,236,2,1,0,36,3,1,1,0,0,1,1,14,7,771,0,771,,893,86.34
263,209,"Panchayat Union Primary School,
Chinna Muthur 635101 ,,East Facing
South Wing Terraced Building",373,2,234,1,0,0,20,10,0,0,0,0,0,1,0,4,645,0,645,,777,83.01
264,210,"Panchayat Union Primary
School,Chettimarampatti - 635 112.
,,South Facing East Wing Terraced
Building",348,5,276,0,7,0,19,1,0,1,0,0,0,0,1,4,662,0,662,,734,90.19
265,211,"Panchayat Union Primary
School,Cheetymarampatti 635 112
,,South Facing West Wing Terraced
Building",424,7,283,5,0,0,21,1,0,1,0,0,0,0,3,5,750,0,750,,821,91.35
266,212,"Govt. High School,,Thimmapuram-635
112,,West Facing North Wing
Terraced Building",362,4,255,2,0,1,35,0,0,0,0,0,1,1,2,8,671,0,671,,832,80.65
267,213,"Govt. High School,Thimmapuram-635
112,,West Facing South Wing
Terraced Building",279,3,304,4,1,0,24,4,0,0,0,1,0,1,5,8,634,0,634,,752,84.31
268,214M,"Govt. High School, Thimmapuram -
635 112 ,,West Facing North Wing
Terraced Building",237,0,124,0,3,0,36,2,0,0,0,0,0,0,2,3,407,0,407,,502,81.08
269,214A(W),"Govt. High School, Thimmapuram-635
112, West Facing,South Wing
Terraced Building",292,10,153,3,0,0,21,2,0,0,0,0,0,3,2,6,492,0,492,,601,81.86
270,215,"Panchayat Union Middle School,
Therpatti 635 112 ,,East Facing North
wing Terraced Building",259,1,265,3,1,0,35,10,0,0,0,0,0,0,3,3,580,0,580,,722,80.33
271,216,"Panchayat Union Middle School,
Therpatti 635 112 ,,West Facing North
wing Terraced Building",201,5,245,0,0,2,39,21,0,0,0,0,0,0,0,8,521,0,521,,681,76.51
272,217,"Panchayat Union Middle School,
Thearpatti - 635 112,East Facing
South Wing Terraced Building",169,2,423,1,1,1,31,21,0,0,0,0,0,2,0,5,656,0,656,,779,84.21
273,218,"Panchayat Union Middle School,
Thearpatti - 635 112 ,,West Facing
South Wing Terraced Building",242,2,252,2,0,0,21,9,0,0,1,1,0,0,0,4,534,0,534,,676,78.99
274,219,"Panchayat Union Primary School
Kundalapatti-635 101,South Facing
East Wing Terraced Building",253,4,418,2,7,1,42,9,1,3,1,1,1,1,1,8,753,0,753,,878,85.76
275,220,"Panchayat Union Primary School
Kundalapatti-635 101 ,,South Facing
East Wing Terraced Building",271,10,291,0,1,0,25,2,0,1,0,0,1,3,0,4,609,0,609,,703,86.63
276,221,"Govt. High School, Gundalapatti - 635
101 ,,South Facing West Wing Tiled
Building",390,6,363,0,8,0,43,0,1,0,1,0,3,0,1,5,821,0,821,,1010,81.29
277,222,"Panchayat Union Primary School
Kurumpatti-635 101 ,,North Facing
Terraced Building",257,3,345,2,5,2,41,8,0,0,0,0,0,0,0,1,664,0,664,,798,83.21
278,223,"Panchayat Union Middle
School,Kurumpatti Mottur- 635 101
,,South Facing West Wing Terraced
Building",497,3,184,1,6,0,19,5,0,0,0,0,0,1,2,2,720,0,720,,865,83.24
279,224,"Panchayat Union Middle School,
Kurumpatti Mottur- 635 101 ,,South
Facing Centre Wing Terraced Building",122,1,76,0,0,0,14,2,0,0,0,0,0,1,0,2,218,0,218,,267,81.65
280,225,"Panchayat Union Primary School,
Kuttur -635 101 ,,North Facing East
Wing Terraced Building",120,1,203,4,1,1,44,2,0,0,1,0,1,4,0,5,387,0,387,,495,78.18
281,226M,"Panchayat Union Middle School
Mittahalli-635 112 ,,North Facing East
Wing Terraced Building",169,0,227,2,0,0,25,6,0,1,0,0,0,1,1,0,432,0,432,,529,81.66
282,226A(W),"Panchayat Union Middle School
Mittahalli-635 112,,South Facing East
Wing Terraced Building",172,2,207,1,0,0,2,5,2,1,0,0,0,2,0,0,394,0,394,,531,74.20
283,227,"Panchayat Union Middle School
Mittahalli-635 112 ,,South Facing West
wing Terraced Building",442,5,240,2,0,1,17,0,0,0,0,1,1,1,0,5,715,0,715,,826,86.56
284,228,"Panchayat Union Middle School
Mittahalli-635 112 ,,North Facing East
Wing of Western Side Terraced
Building",338,3,210,0,0,0,41,2,0,0,0,0,1,0,1,4,600,0,600,,719,83.45
285,229,"Panchayat Union Primary School ,
Dasampatti - 635 112 ,,North Facing
Terraced Building",358,4,315,1,2,3,52,1,0,0,1,1,1,1,0,10,750,0,750,,830,90.36
286,230M,"Panchayat Union Primary School,
Mittahalli Pudhur 635 112 ,,East
Facing North Wing Terraced Building",250,2,157,1,0,1,34,6,0,0,0,0,1,0,0,1,453,0,453,,579,78.24
287,230A(W),"Panchayat Union Primary School,
Mittahalli Pudhur 635 112,East Facing
South Wing Terraced Building",292,4,169,1,0,0,14,1,0,1,0,1,0,2,0,5,490,0,490,,600,81.67
288,231,"Panchayat Union Primary School,
Bharatha Koil 635 112 ,,West Facing
South Wing Terraced Building",317,4,342,2,0,0,26,4,0,1,1,0,2,1,2,5,707,0,707,,844,83.77
289,232,"Panchayat Union Primary School,
Kathiripuram- 635 112 ,,West Facing
South Terraced Building",399,4,253,2,1,0,39,0,0,0,0,0,0,1,1,7,707,0,707,,815,86.75
290,233,"Panchayat Union Primary School,
Kathiripuram- 635 112 ,,East Facing
North Wing Terraced Building",256,1,294,0,1,0,44,3,1,1,0,0,0,0,1,4,606,0,606,,746,81.23
291,234M,"Panchayat Union Primary School,
Malaiyandahalli - 635 112 ,,West
Facing South Wing Terraced Building",202,2,188,1,0,0,25,4,0,2,0,0,0,0,0,5,429,0,429,,530,80.94
292,234A(W),"Panchayat Union Primary School,
Malaiyandahalli - 635 112,,West
Facing Middle Wing Terraced Building",253,4,166,2,0,0,16,5,0,2,0,0,0,1,1,3,453,0,453,,571,79.33
293,235,"Panchayat Union Primary School,
Malaiyandahalli - 635 112 ,,East
Facing Terraced Building (Village
Sevice Center)",226,4,184,2,1,0,22,8,0,1,0,0,0,1,3,1,453,0,453,,550,82.36
294,236,"Panchayat Union Primary School,
Malaiyandhahalli-635 112 ,,West
Faceing Terraced Building (Village
Sevice Center)",464,9,344,0,1,1,25,2,0,1,0,0,1,0,2,4,854,0,854,,971,87.95
295,237M,"Panchayat Union Primary
School,Malaiyandahalli - 635 112.
,,West Facing North Wing Terraced
Building",289,2,163,0,1,0,25,0,0,0,0,0,0,0,0,4,484,0,484,,546,88.64
296,237A(W),"Panchayat Union Primary School,
Malaiyandahalli - 635 112,,West
Facing Middle Wing Terraced Building",299,7,159,0,0,1,5,3,0,0,0,0,0,0,1,4,479,0,479,,548,87.41
297,238,"Panchayat Union Primary School,
Ramapuram 635 112 ,,East Facing
South Wing Terraced Building",229,3,190,3,0,1,14,2,0,0,0,0,0,1,1,4,448,0,448,,612,73.20
298,239,"Panchyat Union Primary School,
Ramapuram 635 112,,East Facing
South wing Terraced Building",360,3,313,0,0,0,19,2,0,0,0,0,0,1,0,4,702,0,702,,874,80.32
299,240M,"Panchayat Union Primary School,
Ramapuram-635 112,East Facing
North Wing Terraced Building",295,1,197,0,1,0,23,1,0,0,0,1,0,0,0,3,522,0,522,,645,80.93
300,240A(W),"Panchayat Union Primary School,
Ramapuram-635 112,,East Facing
South wing Terraced Building",283,9,168,1,3,0,8,2,3,0,0,1,0,2,1,10,491,0,491,,598,82.11
301,241,"Panchayat Union Primary School,
Ramapuram-635 112 ,,South Facing
West wing Terraced Building",362,4,178,1,1,0,19,2,0,0,0,2,0,1,1,7,578,0,578,,691,83.65
302,242,"Panchayat Union Primary School,
Paneerselvam Str Kaveripattinam 635
112 ,,West Facing Terraced Building",224,2,255,3,2,2,22,33,1,1,0,0,0,1,0,4,550,0,550,,821,66.99
303,243,"Panchayat Union Primary School,
Paneerselvam Street, Kaveripattinam
635 112 ,,West Facing North Wing
Terraced Building",150,3,260,1,1,2,27,19,0,0,0,1,1,0,3,7,475,0,475,,631,75.28
304,244,"Panchayat Union Primary School,
Kosamedu, Kaveripattinam- 635
112,,East facing Terraced Building",434,2,317,1,0,0,46,18,0,0,0,0,0,1,1,11,831,0,831,,1046,79.45
305,245M,"Panchayat Union Primary School,
Kosamedu, Kaveripattinam - 635
112,,East Facing South Wing Terraced",171,1,249,2,0,1,23,8,0,0,0,0,0,0,0,7,462,0,462,,606,76.24
306,245A(W),"Panchayat Union Primary School,
Kosamedu, Kaveripattinam - 635 112.
,,East Facing North Wing Terraced
Building",210,2,289,2,0,0,12,7,0,2,1,0,0,2,1,5,533,0,533,,749,71.16
307,246,"Bharathi Educational Institution (Govt
aided), Kaveripattinam-635 112
,,North Facing Middle portion
Terraced Building",269,0,275,2,2,0,23,41,0,1,0,0,0,1,1,7,622,0,622,,821,75.76
308,247,"Arignar Anna Mahal, Subash Chandira
Boss Street, Kaveripattinam - 635 112.
,,South Facing Terraced Building",238,2,251,0,1,0,23,10,0,0,0,0,0,2,0,8,535,0,535,,743,72.01
309,248M,"Panchayat Union Primary School,
Jinna Road, Kaveripattinam- 635
112,West Facing South Wing Terraced
Building",137,1,210,1,1,0,19,18,0,0,0,0,0,0,0,5,392,0,392,,546,71.79
310,248A(W),"Panchayat Union Primary School,
Jinna Road, Kaveripattinam- 635
112,,West Facing North Wing
Terraced Building",159,0,186,2,0,0,8,19,0,0,0,0,1,3,1,1,380,0,380,,547,69.47
311,249,"Govt. Boys Hr.Sec. School,
Kaveripattinam - 635 112,,West
Facing North Wing Terraced Building",198,0,260,2,0,1,11,13,0,0,0,0,0,1,1,3,490,0,490,,650,75.38
312,250,"Govt. Boys Hr.Sec.School,
Kaveripattinam - 635 112 ,,North
Facing East Wing Terraced Building",209,2,300,2,0,0,27,13,0,1,0,0,2,1,0,6,563,0,563,,767,73.40
313,251,"Panchayat Union Primary School,Jinna
Road,Kaveripattinam-635 112 ,,West
Facing North wing Terraced Buildin",276,4,391,3,1,1,23,15,0,2,1,0,1,1,0,1,720,0,720,,1005,71.64
314,252,"Panchayat Union Primary School,
Jinna Road, Kaveripattinam 635 112
,,South Facing Terraced Building",125,0,212,1,0,0,12,8,1,0,0,0,0,2,0,1,362,0,362,,452,80.09
315,253,"Panchayat Union Primary School,
Jinna Street, Kaveripattinam 635
112,,East Facing North Wing Terraced
Building",376,2,458,1,1,0,13,10,0,0,0,0,2,3,1,7,874,0,874,,1040,84.04
316,254,"Govt. Boys Hr.Sec. School,
Kaveripattinam - 635 112 ,,North
Facing West Wing Terraced Building",328,0,309,1,5,0,24,31,0,0,0,0,0,1,1,9,709,0,709,,987,71.83
317,255,"Govt. Boys Hr.Sec. School,
Kaveripattinam - 635 112 ,,North
Facing East Wing Terraced Building",156,1,120,1,0,0,9,20,0,0,1,0,0,0,1,3,312,0,312,,394,79.19
318,256,"Govt Boys Hr Sec School
Kaveripattanam, 635 112 ,,North
Facing East Wing Terraced Building",156,4,491,1,2,0,19,14,0,0,0,0,0,0,0,6,693,0,693,,910,76.15
319,257,"Govt Boys Hr Sec School
Kaveripattanam, 635 112,,West Facing
South Wing Terraced Building",178,1,287,1,3,0,23,16,0,0,0,0,0,0,0,4,513,0,513,,676,75.89
320,258,"Panchayat Union Middle School,
Moolikkal Savuloor-635 112 ,,North
Facing West Wing Terraced Building",360,2,305,0,1,1,23,11,0,2,0,0,1,0,2,7,715,0,715,,894,79.98
321,259,"Panchayat Union Middle School,
Moolikkal Savuloor-635 112 ,,North
Facing Center Terraced Building",272,3,267,1,4,0,28,2,0,1,0,1,1,2,0,2,584,0,584,,708,82.49
322,260M,"Panchayat Union Middle School,
Moolikkal Savulore-635 112,,North
Facing East Wing Terraced Building",149,0,214,0,0,0,28,0,0,0,0,0,0,1,1,8,401,0,401,,523,76.67
323,260A(W),"Panchayat Union Middle School,
Moolikkal Savulore-635 112,,West
Facing Terraced Building",148,3,224,2,0,0,15,6,0,0,0,0,1,3,0,3,405,0,405,,549,73.77
324,261,"Panchayat Union Middle School,
Moolikkal Savulore - 635 112 ,,East
Facing North Wing Terraced Building",286,3,266,1,1,1,43,16,0,1,0,1,1,0,2,8,630,0,630,,831,75.81
325,262,"Panchayat Union Middle School ,
Narimedu - 635 112 ,,East Facing
Terraced Building",425,8,170,1,3,1,26,2,0,0,0,0,0,1,0,6,643,0,643,,705,91.21
326,263,"Panchayat Union Middle School,
Narimedu - 635 112 ,,East Facing
South Wing Terraced Building",283,3,288,1,0,1,23,10,0,0,0,0,1,0,0,4,614,0,614,,760,80.79
327,264,"Panchayat Union Primary School
jamedharmadu 635112 ,,West Facing
Terraced Building",236,1,344,1,1,0,23,27,0,0,0,1,1,1,0,11,647,0,647,,910,71.10
328,265,"Panchayat Union Primary School,
jamedharmadu 635112 ,,East Facing
South Terraced Building",427,0,215,3,0,0,24,8,0,0,1,0,0,1,0,8,687,0,687,,782,87.85
329,266,"Panchayat Union Primary School ,
Karukkansavadi - 635 112.,,North
Facing East Wing Terraced Building",237,1,181,2,1,0,11,1,0,0,0,0,0,1,0,5,440,0,440,,508,86.61
330,267,"Panchayat Union Primary School,
Karukkansavadi - 635 112 ,,West
Facing North Wing Terraced Building",401,0,328,2,2,0,28,1,0,0,0,0,0,0,0,8,770,0,770,,951,80.97
331,268M,"Govt. Girls Hr. Sec. School,
Kaveripattinam-635 112 , ,South
Facing Middel Portion Terraced
Building",139,1,178,0,4,0,24,19,0,0,0,0,2,0,0,6,373,0,373,,537,69.46
332,268A(W),"Govt. Girls Hr. Sec. School,
Kaveripattinam-635 112, ,West Facing
Middle Wing Terraced Building",183,0,150,0,1,0,16,18,0,0,1,0,1,0,0,2,372,0,372,,590,63.05
333,269,"Govt. Girls Hr. Sec. School,
Kaveripattinam-635 112 ,,West Facing
North Wing Terraced Building",136,0,162,0,4,0,20,16,0,2,0,0,0,0,1,2,343,0,343,,523,65.58
334,270,"Govt Girls Hr Sec School
Kaveripattanam-635 112 ,,South
Facing Middel Portion Terraced
Building Room No 28",157,0,296,0,0,0,22,12,0,1,1,0,1,0,1,3,494,0,494,,774,63.82
335,271,"Govt Girls Hr Sec School,
Kaveripattanam-635 112 ,,West
Facing South Wing Terraced Building
Room No-29",230,2,242,0,3,1,9,5,0,0,0,0,0,0,1,7,500,0,500,,642,77.88
336,272,"Govt Girls Hr Sec School
Kaveripattinam 635 112,South Facing
West Wing Terraced Building",196,2,334,1,4,0,36,13,0,0,0,0,0,2,3,8,599,0,599,,903,66.33
337,273,"Govt Girls Hr. Sec School
Kaveripattinam 635 112,South Facing
East Wing Terraced Building Room No
29",186,2,463,1,2,0,33,15,2,0,0,0,1,3,0,6,714,0,714,,947,75.40
338,274,"Panchayat Union Middle School,
Pothapuram - 635 112 ,,South Facing
East wing Terraced Building",219,1,346,2,1,0,51,13,2,0,1,0,0,1,1,5,643,0,643,,870,73.91
339,275,"Panchayat Union Middle School,
Pothapuram - 635 112 ,,East Facing
South wing Terraced Building",281,5,222,1,1,3,21,3,1,0,1,0,0,0,1,6,546,0,546,,628,86.94
340,276,"Panchayat Union Middle School,
Pothapuram 635 112 ,,South Facing
West Wing Terraced Building",150,2,189,1,0,0,18,10,0,0,1,0,0,0,0,2,373,0,373,,447,83.45
341,277M,"Panchayat Union Middle School,
Pothapuram 635 112 ,,East Facing
North Wing Terraced Building",229,1,208,1,2,1,26,1,0,0,0,0,0,0,0,3,472,0,472,,564,83.69
342,277A(W),"Panchayat Union Middle School,
Pothapuram 635 112,,North Facing
East Wing Terraced Building",227,2,227,3,1,1,14,2,0,0,1,0,0,1,3,5,487,0,487,,601,81.03
343,278,"Panchayat Union Primary School,
Saparathi 635 106,,West Facing Tiled
Building",253,3,359,3,0,0,28,5,0,0,2,1,0,2,1,10,667,0,667,,798,83.58
344,279,"Panchayat Union Primary School
Saparathi 635 106 ,,West Facing
Terraced Building",271,6,221,0,1,2,47,1,0,0,0,2,4,2,0,4,561,0,561,,635,88.35
345,280M,"Panchayat Union Primary School ,
Moranahalli - 635 106 ,,West Facing
North Wing Terraced Building",153,1,263,0,0,0,34,1,0,2,0,0,1,1,0,3,459,0,459,,552,83.15
346,280A(W),"Panchayat Union Primary School ,
Moranahalli - 635 106,,West Facing
South Wing Terraced Building",206,5,263,5,0,0,11,3,0,1,1,0,2,3,0,5,505,0,505,,639,79.03
347,281,"Panchayat Union Primary School
Panakamutlu 635106,,North Facing
East Wing Tiled Building",281,8,489,3,1,0,36,4,0,0,1,0,2,8,1,9,843,0,843,,1004,83.96
348,282,"Panchayat Union Primary School ,
Kuttigoundanoor - 635 106 ,,North
Facing Terraced Building",437,0,222,1,9,0,32,5,0,0,0,0,0,3,0,6,715,0,715,,805,88.82
349,283,"Panchayat Union Primary School,
Varattampatti - 635 112 ,,South Facing
East Wing Terraced Building",421,3,334,1,4,0,38,11,0,0,0,0,0,2,1,12,827,0,827,,986,83.87
350,284,"Panchayat Union Primary School,
Bannihalli - 635 112 ,,East Facing
Terraced building",231,0,223,0,4,0,25,5,0,0,0,0,1,0,0,4,493,0,493,,559,88.19
351,285,"Panchayat Union Primary School,
Kuttapatty 635112 ,,West Facing
North Wing Terraced Building",236,5,436,4,1,0,43,9,0,0,0,0,2,1,0,7,744,0,744,,936,79.49
352,286,"Panchayat Union Primary School
Kuttapatty 635112 ,,West Facing
South Wing Terraced Building",340,1,366,0,4,1,28,1,0,0,0,0,0,1,1,9,752,0,752,,867,86.74
353,287M,"Panchayat Union Primary School,
Bannihallipudur - 635 112 ,,North
Facing West Wing Terraced Building",252,4,216,1,2,0,30,2,0,0,0,0,0,1,1,10,519,0,519,,577,89.95
354,287A(W),"Panchayat Union Primary School,
Bannihallipudur - 635 112,,North
Facing East Wing Terraced Building",254,2,185,2,1,0,11,2,2,1,1,1,0,6,1,9,478,0,478,,539,88.68
355,288,"Panchayat Union Primary School,
Bannihallipudur- 635 112 ,,West
Facing Terraced building",283,3,141,1,0,0,33,0,0,0,0,0,0,0,1,5,467,0,467,,519,89.98
356,289,"Panchayat Union Primary School ,
Savuloor - 635 112 ,,East Facing
Terraced Building",459,3,341,1,1,0,67,6,0,0,1,0,0,0,1,3,883,0,883,,1034,85.40
357,290M,"Panchayat Union Middle School,
Devarmukulam 635111 ,,North Facing
East Wing Terraced Building",250,2,185,0,2,0,48,2,0,0,0,0,0,0,0,5,494,0,494,,566,87.28
358,290A(W),"Panchayat Union Middle School,
Devarmukulam 635111,,North Facing
West Terraced Building",252,2,177,0,0,0,12,1,0,0,0,0,0,0,0,4,448,0,448,,527,85.01
359,291,"Panchayath Union Primary School,
Ramiyanthyam - 635 111 ,,North
Facing Terraced Building",286,2,207,0,0,0,48,3,0,1,0,0,0,0,0,1,548,0,548,,629,87.12
360,292,"Panchayath Union Primary School,
Surulihalli - 635 111 ,,South Facing
West Terraced Building",449,4,183,3,0,0,73,1,0,0,0,0,0,0,0,4,717,0,717,,813,88.19
361,293,"Panchayat Union Primary Schoo,
Periyavedanoor, Karadihalli- 635 106
,,East Facing South wing Terraced
Building",421,6,250,1,2,0,38,2,0,0,0,0,0,1,3,4,728,0,728,,814,89.43
362,294,"Panchayat Union Primary School,
Sundaikuppam 635101 ,,North Facing
West Wing Terraced Building",131,2,186,1,0,0,4,0,0,0,0,0,0,3,0,0,327,0,327,,391,83.63
363,295,"Panchayat Union Primary School,
Nattankottai 635101 ,,South Facing
West Wing Terraced Building",121,1,101,1,1,0,5,3,0,1,0,0,0,0,1,0,235,0,235,,260,90.38
364,296,"Panchayat Union Primary School,
Chinna Muthur 635101,,East Facing
North Wing Terraced Building",417,9,156,0,4,1,38,8,0,0,1,0,0,2,2,9,647,0,647,,770,84.03
365,297,"Panchayat Union Primary School ,
Jagadap - 635 112 ,,East Facing South
wing Terraced Building",375,5,313,0,4,0,43,4,0,1,0,1,0,0,0,4,750,0,750,,858,87.41
366,298,"Panchayat Union Primary School ,
Jagadap - 635 112 ,,East Facing North
wing Terraced Building",266,6,360,2,5,1,31,1,0,0,0,0,1,2,8,4,687,0,687,,754,91.11
367,299M,"Panchayat Union Primary School,
Manikanur 635112 ,,North Facing East
Wing Terraced Building",240,0,242,0,7,0,34,4,0,0,1,0,0,0,1,2,531,0,531,,576,92.19
368,299A(W),"Panchayat Union Primary School,
Manikanur 635112,,North Facing
West Wing Terraced Building",262,4,235,2,0,3,16,1,2,0,1,0,0,2,1,0,529,0,529,,569,92.97
369,300,"Panchayat Union Primary School ,
Jagadab - 635 112 ,,East Facing South
Wing Terraced Building",514,8,299,6,3,0,58,2,1,0,0,0,0,3,4,11,909,0,909,,1014,89.64
370,301,"Panchayat Union Primary School,
Kettur - 635 112 ,,South Facing West
Wing Terraced Building",310,8,223,2,5,1,49,8,0,0,1,0,2,4,1,8,622,0,622,,696,89.37
371,302M,"Govt. Hr.Sec.School, Edaipaiyur -
635112,,South Facing East Wing
Terraced Building",228,2,222,1,0,0,27,3,0,0,0,0,0,0,0,7,490,0,490,,541,90.57
372,302A(W),"Govt. Hr.Sec.School , Edaipaiyur -
635112,,North Facing East Wing
Terraced Building",237,2,238,4,0,0,13,1,1,0,0,0,0,0,0,1,497,0,497,,563,88.28
373,303,"Govt. Hr.Sec.School, Edaipaiyur -
635112 ,,South Facing West Wing
Terraced Building",226,5,302,1,0,0,36,1,0,0,0,0,0,2,1,4,578,0,578,,627,92.19
374,304,"Govt. Hr.Sec.School, Edaipaiyur -
635112 ,,South Facing East Wing
Terraced Building",402,6,340,1,6,2,53,3,1,1,0,0,0,1,0,7,823,0,823,,934,88.12
375,305,"Panchayat Union Primary School,
Karagur- 635111 ,,West Facing North
Wing Terraced Building",315,7,289,3,1,0,19,5,0,0,0,0,2,2,4,3,650,0,650,,738,88.08
376,306,"Panchayat Union Primary School,
Karagur- 635111 ,,South Facing West
Wing Terraced Building",196,3,198,0,0,1,29,5,0,1,0,0,0,0,0,3,436,0,436,,518,84.17
377,307,"Panchayat Union Primary School,
Karagur - 635111 ,,West Facing North
Wing Terraced Building",375,5,370,0,1,1,35,4,0,1,0,2,3,1,1,4,803,0,803,,917,87.57
